Workbook
Name ボタン2_Click: [1]!ボタン2_Click
Name ボタン2_Click: [1]!ボタン2_Click
Name ボタン2_Click: [1]!ボタン2_Click
Name ボタン2_Click: [1]!ボタン2_Click
Name ボタン2_Click: [1]!ボタン2_Click

Sheet IN
A1: {='Label FG'!F3:F3} -> 226 | B1: PT. TASM | E1: =$A$1 -> 226 | F1: PT. TASM | I1: =$A$1 -> 226 | J1: PT. TASM | M1: =$A$1 -> 226 | N1: PT. TASM
A2: Part No | B2: : | C2: =VLOOKUP(A1,'List Part'!$A$5:$C$374,2,0) -> 955985 | E2: Part No | F2: : | G2: =$C$2 -> 955985 | I2: Part No | J2: : | K2: =$C$2 -> 955985 | M2: Part No | N2: : | O2: =$C$2 -> 955985
A3: Part Name | B3: : | C3: =VLOOKUP(A1,'List Part'!$A$5:$C$374,3,0) -> DIN CONNECTOR FITTING | E3: Part Name | F3: : | G3: =$C$3 -> DIN CONNECTOR FITTING | I3: Part Name | J3: : | K3: =$C$3 -> DIN CONNECTOR FITTING | M3: Part Name | N3: : | O3: =$C$3 -> DIN CONNECTOR FITTING
A4: QTY | B4: : | C4: =VLOOKUP(A1,'List Part'!$A$5:$P$374,15,0) -> 200 | E4: QTY | F4: : | G4: =$C$4 -> 200 | I4: QTY | J4: : | K4: =$C$4 -> 200 | M4: QTY | N4: : | O4: =$C$4 -> 200
A5: Berat | B5: : | C5: gram | E5: Berat | F5: : | G5: gram | I5: Berat | J5: : | K5: gram | M5: Berat | N5: : | O5: gram
A6: Tgl prod | B6: : | C6: =VLOOKUP(A1,'List Part'!$A$5:$P$374,6,0) -> 0 | E6: Tgl prod | F6: : | G6: =$C$6 -> 0 | I6: Tgl prod | J6: : | K6: =$C$6 -> 0 | M6: Tgl prod | N6: : | O6: =$C$6 -> 0
A7: Checker | B7: : | C7: IN 06 04 | E7: Checker | F7: : | G7: =C7 -> IN 06 04 | I7: Checker | J7: : | K7: =G7 -> IN 06 04 | M7: Checker | N7: : | O7: =K7 -> IN 06 04
A9: =$A$1 -> 226 | B9: PT. TASM | E9: =$A$1 -> 226 | F9: PT. TASM | I9: =$A$1 -> 226 | J9: PT. TASM | M9: =$A$1 -> 226 | N9: PT. TASM
A10: Part No | B10: : | C10: =$C$2 -> 955985 | E10: Part No | F10: : | G10: =$C$2 -> 955985 | I10: Part No | J10: : | K10: =$C$2 -> 955985 | M10: Part No | N10: : | O10: =$C$2 -> 955985
A11: Part Name | B11: : | C11: =$C$3 -> DIN CONNECTOR FITTING | E11: Part Name | F11: : | G11: =$C$3 -> DIN CONNECTOR FITTING | I11: Part Name | J11: : | K11: =$C$3 -> DIN CONNECTOR FITTING | M11: Part Name | N11: : | O11: =$C$3 -> DIN CONNECTOR FITTING
A12: QTY | B12: : | C12: =$C$4 -> 200 | E12: QTY | F12: : | G12: =$C$4 -> 200 | I12: QTY | J12: : | K12: =$C$4 -> 200 | M12: QTY | N12: : | O12: =$C$4 -> 200
A13: Berat | B13: : | C13: gram | E13: Berat | F13: : | G13: gram | I13: Berat | J13: : | K13: gram | M13: Berat | N13: : | O13: gram
A14: Tgl prod | B14: : | C14: =$C$6 -> 0 | E14: Tgl prod | F14: : | G14: =$C$6 -> 0 | I14: Tgl prod | J14: : | K14: =$C$6 -> 0 | M14: Tgl prod | N14: : | O14: =$C$6 -> 0
A15: Checker | B15: : | C15: =C7 -> IN 06 04 | E15: Checker | F15: : | G15: =C15 -> IN 06 04 | I15: Checker | J15: : | K15: =G15 -> IN 06 04 | M15: Checker | N15: : | O15: =K15 -> IN 06 04
A17: =$A$1 -> 226 | B17: PT. TASM | E17: =$A$1 -> 226 | F17: PT. TASM | I17: =$A$1 -> 226 | J17: PT. TASM | M17: =$A$1 -> 226 | N17: PT. TASM
A18: Part No | B18: : | C18: =$C$2 -> 955985 | E18: Part No | F18: : | G18: =$C$2 -> 955985 | I18: Part No | J18: : | K18: =$C$2 -> 955985 | M18: Part No | N18: : | O18: =$C$2 -> 955985
A19: Part Name | B19: : | C19: =$C$3 -> DIN CONNECTOR FITTING | E19: Part Name | F19: : | G19: =$C$3 -> DIN CONNECTOR FITTING | I19: Part Name | J19: : | K19: =$C$3 -> DIN CONNECTOR FITTING | M19: Part Name | N19: : | O19: =$C$3 -> DIN CONNECTOR FITTING
A20: QTY | B20: : | C20: =$C$4 -> 200 | E20: QTY | F20: : | G20: =$C$4 -> 200 | I20: QTY | J20: : | K20: =$C$4 -> 200 | M20: QTY | N20: : | O20: =$C$4 -> 200
A21: Berat | B21: : | C21: gram | E21: Berat | F21: : | G21: gram | I21: Berat | J21: : | K21: gram | M21: Berat | N21: : | O21: gram
A22: Tgl prod | B22: : | C22: =$C$6 -> 0 | E22: Tgl prod | F22: : | G22: =$C$6 -> 0 | I22: Tgl prod | J22: : | K22: =$C$6 -> 0 | M22: Tgl prod | N22: : | O22: =$C$6 -> 0
A23: Checker | B23: : | C23: =C15 -> IN 06 04 | E23: Checker | F23: : | G23: =C23 -> IN 06 04 | I23: Checker | J23: : | K23: =G23 -> IN 06 04 | M23: Checker | N23: : | O23: =K23 -> IN 06 04
A25: =$A$1 -> 226 | B25: PT. TASM | E25: =$A$1 -> 226 | F25: PT. TASM | I25: =$A$1 -> 226 | J25: PT. TASM | M25: =$A$1 -> 226 | N25: PT. TASM
A26: Part No | B26: : | C26: =$C$2 -> 955985 | E26: Part No | F26: : | G26: =$C$2 -> 955985 | I26: Part No | J26: : | K26: =$C$2 -> 955985 | M26: Part No | N26: : | O26: =$C$2 -> 955985
A27: Part Name | B27: : | C27: =$C$3 -> DIN CONNECTOR FITTING | E27: Part Name | F27: : | G27: =$C$3 -> DIN CONNECTOR FITTING | I27: Part Name | J27: : | K27: =$C$3 -> DIN CONNECTOR FITTING | M27: Part Name | N27: : | O27: =$C$3 -> DIN CONNECTOR FITTING
A28: QTY | B28: : | C28: =$C$4 -> 200 | E28: QTY | F28: : | G28: =$C$4 -> 200 | I28: QTY | J28: : | K28: =$C$4 -> 200 | M28: QTY | N28: : | O28: =$C$4 -> 200
A29: Berat | B29: : | C29: gram | E29: Berat | F29: : | G29: gram | I29: Berat | J29: : | K29: gram | M29: Berat | N29: : | O29: gram
A30: Tgl prod | B30: : | C30: =$C$6 -> 0 | E30: Tgl prod | F30: : | G30: =$C$6 -> 0 | I30: Tgl prod | J30: : | K30: =$C$6 -> 0 | M30: Tgl prod | N30: : | O30: =$C$6 -> 0
A31: Checker | B31: : | C31: =C23 -> IN 06 04 | E31: Checker | F31: : | G31: =C31 -> IN 06 04 | I31: Checker | J31: : | K31: =G31 -> IN 06 04 | M31: Checker | N31: : | O31: =K31 -> IN 06 04
A33: =$A$1 -> 226 | B33: PT. TASM | E33: =$A$1 -> 226 | F33: PT. TASM | I33: =$A$1 -> 226 | J33: PT. TASM | M33: =$A$1 -> 226 | N33: PT. TASM
A34: Part No | B34: : | C34: =$C$2 -> 955985 | E34: Part No | F34: : | G34: =$C$2 -> 955985 | I34: Part No | J34: : | K34: =$C$2 -> 955985 | M34: Part No | N34: : | O34: =$C$2 -> 955985
A35: Part Name | B35: : | C35: =$C$3 -> DIN CONNECTOR FITTING | E35: Part Name | F35: : | G35: =$C$3 -> DIN CONNECTOR FITTING | I35: Part Name | J35: : | K35: =$C$3 -> DIN CONNECTOR FITTING | M35: Part Name | N35: : | O35: =$C$3 -> DIN CONNECTOR FITTING
A36: QTY | B36: : | C36: =$C$4 -> 200 | E36: QTY | F36: : | G36: =$C$4 -> 200 | I36: QTY | J36: : | K36: =$C$4 -> 200 | M36: QTY | N36: : | O36: =$C$4 -> 200
A37: Berat | B37: : | C37: gram | E37: Berat | F37: : | G37: gram | I37: Berat | J37: : | K37: gram | M37: Berat | N37: : | O37: gram
A38: Tgl prod | B38: : | C38: =$C$6 -> 0 | E38: Tgl prod | F38: : | G38: =$C$6 -> 0 | I38: Tgl prod | J38: : | K38: =$C$6 -> 0 | M38: Tgl prod | N38: : | O38: =$C$6 -> 0
A39: Checker | B39: : | C39: =C31 -> IN 06 04 | E39: Checker | F39: : | G39: =C39 -> IN 06 04 | I39: Checker | J39: : | K39: =G39 -> IN 06 04 | M39: Checker | N39: : | O39: =K39 -> IN 06 04
A41: =$A$1 -> 226 | B41: PT. TASM | E41: =$A$1 -> 226 | F41: PT. TASM | I41: =$A$1 -> 226 | J41: PT. TASM | M41: =$A$1 -> 226 | N41: PT. TASM
A42: Part No | B42: : | C42: =$C$2 -> 955985 | E42: Part No | F42: : | G42: =$C$2 -> 955985 | I42: Part No | J42: : | K42: =$C$2 -> 955985 | M42: Part No | N42: : | O42: =$C$2 -> 955985
A43: Part Name | B43: : | C43: =$C$3 -> DIN CONNECTOR FITTING | E43: Part Name | F43: : | G43: =$C$3 -> DIN CONNECTOR FITTING | I43: Part Name | J43: : | K43: =$C$3 -> DIN CONNECTOR FITTING | M43: Part Name | N43: : | O43: =$C$3 -> DIN CONNECTOR FITTING
A44: QTY | B44: : | C44: =$C$4 -> 200 | E44: QTY | F44: : | G44: =$C$4 -> 200 | I44: QTY | J44: : | K44: =$C$4 -> 200 | M44: QTY | N44: : | O44: =$C$4 -> 200
A45: Berat | B45: : | C45: gram | E45: Berat | F45: : | G45: gram | I45: Berat | J45: : | K45: gram | M45: Berat | N45: : | O45: gram
A46: Tgl prod | B46: : | C46: =$C$6 -> 0 | E46: Tgl prod | F46: : | G46: =$C$6 -> 0 | I46: Tgl prod | J46: : | K46: =$C$6 -> 0 | M46: Tgl prod | N46: : | O46: =$C$6 -> 0
A47: Checker | B47: : | C47: =C39 -> IN 06 04 | E47: Checker | F47: : | G47: =C47 -> IN 06 04 | I47: Checker | J47: : | K47: =G47 -> IN 06 04 | M47: Checker | N47: : | O47: =K47 -> IN 06 04
A49: =$A$1 -> 226 | B49: PT. TASM | E49: =$A$1 -> 226 | F49: PT. TASM | I49: =$A$1 -> 226 | J49: PT. TASM | M49: =$A$1 -> 226 | N49: PT. TASM
A50: Part No | B50: : | C50: =$C$2 -> 955985 | E50: Part No | F50: : | G50: =$C$2 -> 955985 | I50: Part No | J50: : | K50: =$C$2 -> 955985 | M50: Part No | N50: : | O50: =$C$2 -> 955985
A51: Part Name | B51: : | C51: =$C$3 -> DIN CONNECTOR FITTING | E51: Part Name | F51: : | G51: =$C$3 -> DIN CONNECTOR FITTING | I51: Part Name | J51: : | K51: =$C$3 -> DIN CONNECTOR FITTING | M51: Part Name | N51: : | O51: =$C$3 -> DIN CONNECTOR FITTING
A52: QTY | B52: : | C52: =$C$4 -> 200 | E52: QTY | F52: : | G52: =$C$4 -> 200 | I52: QTY | J52: : | K52: =$C$4 -> 200 | M52: QTY | N52: : | O52: =$C$4 -> 200
A53: Berat | B53: : | C53: gram | E53: Berat | F53: : | G53: gram | I53: Berat | J53: : | K53: gram | M53: Berat | N53: : | O53: gram
A54: Tgl prod | B54: : | C54: =$C$6 -> 0 | E54: Tgl prod | F54: : | G54: =$C$6 -> 0 | I54: Tgl prod | J54: : | K54: =$C$6 -> 0 | M54: Tgl prod | N54: : | O54: =$C$6 -> 0
A55: Checker | B55: : | C55: =C47 -> IN 06 04 | E55: Checker | F55: : | G55: =C55 -> IN 06 04 | I55: Checker | J55: : | K55: =G55 -> IN 06 04 | M55: Checker | N55: : | O55: =K55 -> IN 06 04
A57: =$A$1 -> 226 | B57: PT. TASM | E57: =$A$1 -> 226 | F57: PT. TASM | I57: =$A$1 -> 226 | J57: PT. TASM | M57: =$A$1 -> 226 | N57: PT. TASM
A58: Part No | B58: : | C58: =$C$2 -> 955985 | E58: Part No | F58: : | G58: =$C$2 -> 955985 | I58: Part No | J58: : | K58: =$C$2 -> 955985 | M58: Part No | N58: : | O58: =$C$2 -> 955985
A59: Part Name | B59: : | C59: =$C$3 -> DIN CONNECTOR FITTING | E59: Part Name | F59: : | G59: =$C$3 -> DIN CONNECTOR FITTING | I59: Part Name | J59: : | K59: =$C$3 -> DIN CONNECTOR FITTING | M59: Part Name | N59: : | O59: =$C$3 -> DIN CONNECTOR FITTING
A60: QTY | B60: : | C60: =$C$4 -> 200 | E60: QTY | F60: : | G60: =$C$4 -> 200 | I60: QTY | J60: : | K60: =$C$4 -> 200 | M60: QTY | N60: : | O60: =$C$4 -> 200
A61: Berat | B61: : | C61: gram | E61: Berat | F61: : | G61: gram | I61: Berat | J61: : | K61: gram | M61: Berat | N61: : | O61: gram
A62: Tgl prod | B62: : | C62: =$C$6 -> 0 | E62: Tgl prod | F62: : | G62: =$C$6 -> 0 | I62: Tgl prod | J62: : | K62: =$C$6 -> 0 | M62: Tgl prod | N62: : | O62: =$C$6 -> 0
A63: Checker | B63: : | C63: =C55 -> IN 06 04 | E63: Checker | F63: : | G63: =C63 -> IN 06 04 | I63: Checker | J63: : | K63: =G63 -> IN 06 04 | M63: Checker | N63: : | O63: =K63 -> IN 06 04
A65: =$A$1 -> 226 | B65: PT. TASM | E65: =$A$1 -> 226 | F65: PT. TASM | I65: =$A$1 -> 226 | J65: PT. TASM | M65: =$A$1 -> 226 | N65: PT. TASM
A66: Part No | B66: : | C66: =$C$2 -> 955985 | E66: Part No | F66: : | G66: =$C$2 -> 955985 | I66: Part No | J66: : | K66: =$C$2 -> 955985 | M66: Part No | N66: : | O66: =$C$2 -> 955985
A67: Part Name | B67: : | C67: =$C$3 -> DIN CONNECTOR FITTING | E67: Part Name | F67: : | G67: =$C$3 -> DIN CONNECTOR FITTING | I67: Part Name | J67: : | K67: =$C$3 -> DIN CONNECTOR FITTING | M67: Part Name | N67: : | O67: =$C$3 -> DIN CONNECTOR FITTING
A68: QTY | B68: : | C68: =$C$4 -> 200 | E68: QTY | F68: : | G68: =$C$4 -> 200 | I68: QTY | J68: : | K68: =$C$4 -> 200 | M68: QTY | N68: : | O68: =$C$4 -> 200
A69: Berat | B69: : | C69: gram | E69: Berat | F69: : | G69: gram | I69: Berat | J69: : | K69: gram | M69: Berat | N69: : | O69: gram
A70: Tgl prod | B70: : | C70: =$C$6 -> 0 | E70: Tgl prod | F70: : | G70: =$C$6 -> 0 | I70: Tgl prod | J70: : | K70: =$C$6 -> 0 | M70: Tgl prod | N70: : | O70: =$C$6 -> 0
A71: Checker | B71: : | C71: =C63 -> IN 06 04 | E71: Checker | F71: : | G71: =C71 -> IN 06 04 | I71: Checker | J71: : | K71: =G71 -> IN 06 04 | M71: Checker | N71: : | O71: =K71 -> IN 06 04
A73: =$A$1 -> 226 | B73: PT. TASM | E73: =$A$1 -> 226 | F73: PT. TASM | I73: =$A$1 -> 226 | J73: PT. TASM | M73: =$A$1 -> 226 | N73: PT. TASM
A74: Part No | B74: : | C74: =$C$2 -> 955985 | E74: Part No | F74: : | G74: =$C$2 -> 955985 | I74: Part No | J74: : | K74: =$C$2 -> 955985 | M74: Part No | N74: : | O74: =$C$2 -> 955985
A75: Part Name | B75: : | C75: =$C$3 -> DIN CONNECTOR FITTING | E75: Part Name | F75: : | G75: =$C$3 -> DIN CONNECTOR FITTING | I75: Part Name | J75: : | K75: =$C$3 -> DIN CONNECTOR FITTING | M75: Part Name | N75: : | O75: =$C$3 -> DIN CONNECTOR FITTING
A76: QTY | B76: : | C76: =$C$4 -> 200 | E76: QTY | F76: : | G76: =$C$4 -> 200 | I76: QTY | J76: : | K76: =$C$4 -> 200 | M76: QTY | N76: : | O76: =$C$4 -> 200
A77: Berat | B77: : | C77: gram | E77: Berat | F77: : | G77: gram | I77: Berat | J77: : | K77: gram | M77: Berat | N77: : | O77: gram
A78: Tgl prod | B78: : | C78: =$C$6 -> 0 | E78: Tgl prod | F78: : | G78: =$C$6 -> 0 | I78: Tgl prod | J78: : | K78: =$C$6 -> 0 | M78: Tgl prod | N78: : | O78: =$C$6 -> 0
A79: Checker | B79: : | C79: =C71 -> IN 06 04 | E79: Checker | F79: : | G79: =C79 -> IN 06 04 | I79: Checker | J79: : | K79: =G79 -> IN 06 04 | M79: Checker | N79: : | O79: =K79 -> IN 06 04
A81: =$A$1 -> 226 | B81: PT. TASM | E81: =$A$1 -> 226 | F81: PT. TASM | I81: =$A$1 -> 226 | J81: PT. TASM | M81: =$A$1 -> 226 | N81: PT. TASM
A82: Part No | B82: : | C82: =$C$2 -> 955985 | E82: Part No | F82: : | G82: =$C$2 -> 955985 | I82: Part No | J82: : | K82: =$C$2 -> 955985 | M82: Part No | N82: : | O82: =$C$2 -> 955985
A83: Part Name | B83: : | C83: =$C$3 -> DIN CONNECTOR FITTING | E83: Part Name | F83: : | G83: =$C$3 -> DIN CONNECTOR FITTING | I83: Part Name | J83: : | K83: =$C$3 -> DIN CONNECTOR FITTING | M83: Part Name | N83: : | O83: =$C$3 -> DIN CONNECTOR FITTING
A84: QTY | B84: : | C84: =$C$4 -> 200 | E84: QTY | F84: : | G84: =$C$4 -> 200 | I84: QTY | J84: : | K84: =$C$4 -> 200 | M84: QTY | N84: : | O84: =$C$4 -> 200
A85: Berat | B85: : | C85: gram | E85: Berat | F85: : | G85: gram | I85: Berat | J85: : | K85: gram | M85: Berat | N85: : | O85: gram
A86: Tgl prod | B86: : | C86: =$C$6 -> 0 | E86: Tgl prod | F86: : | G86: =$C$6 -> 0 | I86: Tgl prod | J86: : | K86: =$C$6 -> 0 | M86: Tgl prod | N86: : | O86: =$C$6 -> 0
A87: Checker | B87: : | C87: =C79 -> IN 06 04 | E87: Checker | F87: : | G87: =C87 -> IN 06 04 | I87: Checker | J87: : | K87: =G87 -> IN 06 04 | M87: Checker | N87: : | O87: =K87 -> IN 06 04

Sheet OK
A1: {='Label FG'!F3:F3} -> 226 | B1: PT. TASM | E1: =$A$1 -> 226 | F1: PT. TASM | I1: =$A$1 -> 226 | J1: PT. TASM | M1: =$A$1 -> 226 | N1: PT. TASM
A2: Part No | B2: : | C2: =VLOOKUP(A1,'List Part'!$A$5:$C$374,2,0) -> 955985 | E2: Part No | F2: : | G2: =$C$2 -> 955985 | I2: Part No | J2: : | K2: =$C$2 -> 955985 | M2: Part No | N2: : | O2: =$C$2 -> 955985
A3: Part Name | B3: : | C3: =VLOOKUP(A1,'List Part'!$A$5:$C$374,3,0) -> DIN CONNECTOR FITTING | E3: Part Name | F3: : | G3: =$C$3 -> DIN CONNECTOR FITTING | I3: Part Name | J3: : | K3: =$C$3 -> DIN CONNECTOR FITTING | M3: Part Name | N3: : | O3: =$C$3 -> DIN CONNECTOR FITTING
A4: QTY | B4: : | C4: =VLOOKUP(A1,'List Part'!$A$5:$P$374,15,0) -> 200 | E4: QTY | F4: : | G4: =$C$4 -> 200 | I4: QTY | J4: : | K4: =$C$4 -> 200 | M4: QTY | N4: : | O4: =$C$4 -> 200
A5: Berat | B5: : | C5: gram | E5: Berat | F5: : | G5: gram | I5: Berat | J5: : | K5: gram | M5: Berat | N5: : | O5: gram
A6: Tgl prod | B6: : | C6: =VLOOKUP(A1,'List Part'!$A$5:$P$374,6,0) -> 0 | E6: Tgl prod | F6: : | G6: =$C$6 -> 0 | I6: Tgl prod | J6: : | K6: =$C$6 -> 0 | M6: Tgl prod | N6: : | O6: =$C$6 -> 0
A7: Checker | B7: : | C7: OK 01 03 | E7: Checker | F7: : | G7: =C7 -> OK 01 03 | I7: Checker | J7: : | K7: =G7 -> OK 01 03 | M7: Checker | N7: : | O7: =K7 -> OK 01 03
A9: =$A$1 -> 226 | B9: PT. TASM | E9: =$A$1 -> 226 | F9: PT. TASM | I9: =$A$1 -> 226 | J9: PT. TASM | M9: =$A$1 -> 226 | N9: PT. TASM
A10: Part No | B10: : | C10: =$C$2 -> 955985 | E10: Part No | F10: : | G10: =$C$2 -> 955985 | I10: Part No | J10: : | K10: =$C$2 -> 955985 | M10: Part No | N10: : | O10: =$C$2 -> 955985
A11: Part Name | B11: : | C11: =$C$3 -> DIN CONNECTOR FITTING | E11: Part Name | F11: : | G11: =$C$3 -> DIN CONNECTOR FITTING | I11: Part Name | J11: : | K11: =$C$3 -> DIN CONNECTOR FITTING | M11: Part Name | N11: : | O11: =$C$3 -> DIN CONNECTOR FITTING
A12: QTY | B12: : | C12: =$C$4 -> 200 | E12: QTY | F12: : | G12: =$C$4 -> 200 | I12: QTY | J12: : | K12: =$C$4 -> 200 | M12: QTY | N12: : | O12: =$C$4 -> 200
A13: Berat | B13: : | C13: gram | E13: Berat | F13: : | G13: gram | I13: Berat | J13: : | K13: gram | M13: Berat | N13: : | O13: gram
A14: Tgl prod | B14: : | C14: =$C$6 -> 0 | E14: Tgl prod | F14: : | G14: =$C$6 -> 0 | I14: Tgl prod | J14: : | K14: =$C$6 -> 0 | M14: Tgl prod | N14: : | O14: =$C$6 -> 0
A15: Checker | B15: : | C15: =C7 -> OK 01 03 | E15: Checker | F15: : | G15: =C15 -> OK 01 03 | I15: Checker | J15: : | K15: =G15 -> OK 01 03 | M15: Checker | N15: : | O15: =K15 -> OK 01 03
A17: =$A$1 -> 226 | B17: PT. TASM | E17: =$A$1 -> 226 | F17: PT. TASM | I17: =$A$1 -> 226 | J17: PT. TASM | M17: =$A$1 -> 226 | N17: PT. TASM
A18: Part No | B18: : | C18: =$C$2 -> 955985 | E18: Part No | F18: : | G18: =$C$2 -> 955985 | I18: Part No | J18: : | K18: =$C$2 -> 955985 | M18: Part No | N18: : | O18: =$C$2 -> 955985
A19: Part Name | B19: : | C19: =$C$3 -> DIN CONNECTOR FITTING | E19: Part Name | F19: : | G19: =$C$3 -> DIN CONNECTOR FITTING | I19: Part Name | J19: : | K19: =$C$3 -> DIN CONNECTOR FITTING | M19: Part Name | N19: : | O19: =$C$3 -> DIN CONNECTOR FITTING
A20: QTY | B20: : | C20: =$C$4 -> 200 | E20: QTY | F20: : | G20: =$C$4 -> 200 | I20: QTY | J20: : | K20: =$C$4 -> 200 | M20: QTY | N20: : | O20: =$C$4 -> 200
A21: Berat | B21: : | C21: gram | E21: Berat | F21: : | G21: gram | I21: Berat | J21: : | K21: gram | M21: Berat | N21: : | O21: gram
A22: Tgl prod | B22: : | C22: =$C$6 -> 0 | E22: Tgl prod | F22: : | G22: =$C$6 -> 0 | I22: Tgl prod | J22: : | K22: =$C$6 -> 0 | M22: Tgl prod | N22: : | O22: =$C$6 -> 0
A23: Checker | B23: : | C23: =C15 -> OK 01 03 | E23: Checker | F23: : | G23: =C23 -> OK 01 03 | I23: Checker | J23: : | K23: =G23 -> OK 01 03 | M23: Checker | N23: : | O23: =K23 -> OK 01 03
A25: =$A$1 -> 226 | B25: PT. TASM | E25: =$A$1 -> 226 | F25: PT. TASM | I25: =$A$1 -> 226 | J25: PT. TASM | M25: =$A$1 -> 226 | N25: PT. TASM
A26: Part No | B26: : | C26: =$C$2 -> 955985 | E26: Part No | F26: : | G26: =$C$2 -> 955985 | I26: Part No | J26: : | K26: =$C$2 -> 955985 | M26: Part No | N26: : | O26: =$C$2 -> 955985
A27: Part Name | B27: : | C27: =$C$3 -> DIN CONNECTOR FITTING | E27: Part Name | F27: : | G27: =$C$3 -> DIN CONNECTOR FITTING | I27: Part Name | J27: : | K27: =$C$3 -> DIN CONNECTOR FITTING | M27: Part Name | N27: : | O27: =$C$3 -> DIN CONNECTOR FITTING
A28: QTY | B28: : | C28: =$C$4 -> 200 | E28: QTY | F28: : | G28: =$C$4 -> 200 | I28: QTY | J28: : | K28: =$C$4 -> 200 | M28: QTY | N28: : | O28: =$C$4 -> 200
A29: Berat | B29: : | C29: gram | E29: Berat | F29: : | G29: gram | I29: Berat | J29: : | K29: gram | M29: Berat | N29: : | O29: gram
A30: Tgl prod | B30: : | C30: =$C$6 -> 0 | E30: Tgl prod | F30: : | G30: =$C$6 -> 0 | I30: Tgl prod | J30: : | K30: =$C$6 -> 0 | M30: Tgl prod | N30: : | O30: =$C$6 -> 0
A31: Checker | B31: : | C31: =C23 -> OK 01 03 | E31: Checker | F31: : | G31: =C31 -> OK 01 03 | I31: Checker | J31: : | K31: =G31 -> OK 01 03 | M31: Checker | N31: : | O31: =K31 -> OK 01 03
A33: =$A$1 -> 226 | B33: PT. TASM | E33: =$A$1 -> 226 | F33: PT. TASM | I33: =$A$1 -> 226 | J33: PT. TASM | M33: =$A$1 -> 226 | N33: PT. TASM
A34: Part No | B34: : | C34: =$C$2 -> 955985 | E34: Part No | F34: : | G34: =$C$2 -> 955985 | I34: Part No | J34: : | K34: =$C$2 -> 955985 | M34: Part No | N34: : | O34: =$C$2 -> 955985
A35: Part Name | B35: : | C35: =$C$3 -> DIN CONNECTOR FITTING | E35: Part Name | F35: : | G35: =$C$3 -> DIN CONNECTOR FITTING | I35: Part Name | J35: : | K35: =$C$3 -> DIN CONNECTOR FITTING | M35: Part Name | N35: : | O35: =$C$3 -> DIN CONNECTOR FITTING
A36: QTY | B36: : | C36: =$C$4 -> 200 | E36: QTY | F36: : | G36: =$C$4 -> 200 | I36: QTY | J36: : | K36: =$C$4 -> 200 | M36: QTY | N36: : | O36: =$C$4 -> 200
A37: Berat | B37: : | C37: gram | E37: Berat | F37: : | G37: gram | I37: Berat | J37: : | K37: gram | M37: Berat | N37: : | O37: gram
A38: Tgl prod | B38: : | C38: =$C$6 -> 0 | E38: Tgl prod | F38: : | G38: =$C$6 -> 0 | I38: Tgl prod | J38: : | K38: =$C$6 -> 0 | M38: Tgl prod | N38: : | O38: =$C$6 -> 0
A39: Checker | B39: : | C39: =C31 -> OK 01 03 | E39: Checker | F39: : | G39: =C39 -> OK 01 03 | I39: Checker | J39: : | K39: =G39 -> OK 01 03 | M39: Checker | N39: : | O39: =K39 -> OK 01 03
A41: =$A$1 -> 226 | B41: PT. TASM | E41: =$A$1 -> 226 | F41: PT. TASM | I41: =$A$1 -> 226 | J41: PT. TASM | M41: =$A$1 -> 226 | N41: PT. TASM
A42: Part No | B42: : | C42: =$C$2 -> 955985 | E42: Part No | F42: : | G42: =$C$2 -> 955985 | I42: Part No | J42: : | K42: =$C$2 -> 955985 | M42: Part No | N42: : | O42: =$C$2 -> 955985
A43: Part Name | B43: : | C43: =$C$3 -> DIN CONNECTOR FITTING | E43: Part Name | F43: : | G43: =$C$3 -> DIN CONNECTOR FITTING | I43: Part Name | J43: : | K43: =$C$3 -> DIN CONNECTOR FITTING | M43: Part Name | N43: : | O43: =$C$3 -> DIN CONNECTOR FITTING
A44: QTY | B44: : | C44: =$C$4 -> 200 | E44: QTY | F44: : | G44: =$C$4 -> 200 | I44: QTY | J44: : | K44: =$C$4 -> 200 | M44: QTY | N44: : | O44: =$C$4 -> 200
A45: Berat | B45: : | C45: gram | E45: Berat | F45: : | G45: gram | I45: Berat | J45: : | K45: gram | M45: Berat | N45: : | O45: gram
A46: Tgl prod | B46: : | C46: =$C$6 -> 0 | E46: Tgl prod | F46: : | G46: =$C$6 -> 0 | I46: Tgl prod | J46: : | K46: =$C$6 -> 0 | M46: Tgl prod | N46: : | O46: =$C$6 -> 0
A47: Checker | B47: : | C47: =C39 -> OK 01 03 | E47: Checker | F47: : | G47: =C47 -> OK 01 03 | I47: Checker | J47: : | K47: =G47 -> OK 01 03 | M47: Checker | N47: : | O47: =K47 -> OK 01 03
A49: =$A$1 -> 226 | B49: PT. TASM | E49: =$A$1 -> 226 | F49: PT. TASM | I49: =$A$1 -> 226 | J49: PT. TASM | M49: =$A$1 -> 226 | N49: PT. TASM
A50: Part No | B50: : | C50: =$C$2 -> 955985 | E50: Part No | F50: : | G50: =$C$2 -> 955985 | I50: Part No | J50: : | K50: =$C$2 -> 955985 | M50: Part No | N50: : | O50: =$C$2 -> 955985
A51: Part Name | B51: : | C51: =$C$3 -> DIN CONNECTOR FITTING | E51: Part Name | F51: : | G51: =$C$3 -> DIN CONNECTOR FITTING | I51: Part Name | J51: : | K51: =$C$3 -> DIN CONNECTOR FITTING | M51: Part Name | N51: : | O51: =$C$3 -> DIN CONNECTOR FITTING
A52: QTY | B52: : | C52: =$C$4 -> 200 | E52: QTY | F52: : | G52: =$C$4 -> 200 | I52: QTY | J52: : | K52: =$C$4 -> 200 | M52: QTY | N52: : | O52: =$C$4 -> 200
A53: Berat | B53: : | C53: gram | E53: Berat | F53: : | G53: gram | I53: Berat | J53: : | K53: gram | M53: Berat | N53: : | O53: gram
A54: Tgl prod | B54: : | C54: =$C$6 -> 0 | E54: Tgl prod | F54: : | G54: =$C$6 -> 0 | I54: Tgl prod | J54: : | K54: =$C$6 -> 0 | M54: Tgl prod | N54: : | O54: =$C$6 -> 0
A55: Checker | B55: : | C55: =C47 -> OK 01 03 | E55: Checker | F55: : | G55: =C55 -> OK 01 03 | I55: Checker | J55: : | K55: =G55 -> OK 01 03 | M55: Checker | N55: : | O55: =K55 -> OK 01 03
A57: =$A$1 -> 226 | B57: PT. TASM | E57: =$A$1 -> 226 | F57: PT. TASM | I57: =$A$1 -> 226 | J57: PT. TASM | M57: =$A$1 -> 226 | N57: PT. TASM
A58: Part No | B58: : | C58: =$C$2 -> 955985 | E58: Part No | F58: : | G58: =$C$2 -> 955985 | I58: Part No | J58: : | K58: =$C$2 -> 955985 | M58: Part No | N58: : | O58: =$C$2 -> 955985
A59: Part Name | B59: : | C59: =$C$3 -> DIN CONNECTOR FITTING | E59: Part Name | F59: : | G59: =$C$3 -> DIN CONNECTOR FITTING | I59: Part Name | J59: : | K59: =$C$3 -> DIN CONNECTOR FITTING | M59: Part Name | N59: : | O59: =$C$3 -> DIN CONNECTOR FITTING
A60: QTY | B60: : | C60: =$C$4 -> 200 | E60: QTY | F60: : | G60: =$C$4 -> 200 | I60: QTY | J60: : | K60: =$C$4 -> 200 | M60: QTY | N60: : | O60: =$C$4 -> 200
A61: Berat | B61: : | C61: gram | E61: Berat | F61: : | G61: gram | I61: Berat | J61: : | K61: gram | M61: Berat | N61: : | O61: gram
A62: Tgl prod | B62: : | C62: =$C$6 -> 0 | E62: Tgl prod | F62: : | G62: =$C$6 -> 0 | I62: Tgl prod | J62: : | K62: =$C$6 -> 0 | M62: Tgl prod | N62: : | O62: =$C$6 -> 0
A63: Checker | B63: : | C63: =C55 -> OK 01 03 | E63: Checker | F63: : | G63: =C63 -> OK 01 03 | I63: Checker | J63: : | K63: =G63 -> OK 01 03 | M63: Checker | N63: : | O63: =K63 -> OK 01 03
A65: =$A$1 -> 226 | B65: PT. TASM | E65: =$A$1 -> 226 | F65: PT. TASM | I65: =$A$1 -> 226 | J65: PT. TASM | M65: =$A$1 -> 226 | N65: PT. TASM
A66: Part No | B66: : | C66: =$C$2 -> 955985 | E66: Part No | F66: : | G66: =$C$2 -> 955985 | I66: Part No | J66: : | K66: =$C$2 -> 955985 | M66: Part No | N66: : | O66: =$C$2 -> 955985
A67: Part Name | B67: : | C67: =$C$3 -> DIN CONNECTOR FITTING | E67: Part Name | F67: : | G67: =$C$3 -> DIN CONNECTOR FITTING | I67: Part Name | J67: : | K67: =$C$3 -> DIN CONNECTOR FITTING | M67: Part Name | N67: : | O67: =$C$3 -> DIN CONNECTOR FITTING
A68: QTY | B68: : | C68: =$C$4 -> 200 | E68: QTY | F68: : | G68: =$C$4 -> 200 | I68: QTY | J68: : | K68: =$C$4 -> 200 | M68: QTY | N68: : | O68: =$C$4 -> 200
A69: Berat | B69: : | C69: gram | E69: Berat | F69: : | G69: gram | I69: Berat | J69: : | K69: gram | M69: Berat | N69: : | O69: gram
A70: Tgl prod | B70: : | C70: =$C$6 -> 0 | E70: Tgl prod | F70: : | G70: =$C$6 -> 0 | I70: Tgl prod | J70: : | K70: =$C$6 -> 0 | M70: Tgl prod | N70: : | O70: =$C$6 -> 0
A71: Checker | B71: : | C71: =C63 -> OK 01 03 | E71: Checker | F71: : | G71: =C71 -> OK 01 03 | I71: Checker | J71: : | K71: =G71 -> OK 01 03 | M71: Checker | N71: : | O71: =K71 -> OK 01 03
A73: =$A$1 -> 226 | B73: PT. TASM | E73: =$A$1 -> 226 | F73: PT. TASM | I73: =$A$1 -> 226 | J73: PT. TASM | M73: =$A$1 -> 226 | N73: PT. TASM
A74: Part No | B74: : | C74: =$C$2 -> 955985 | E74: Part No | F74: : | G74: =$C$2 -> 955985 | I74: Part No | J74: : | K74: =$C$2 -> 955985 | M74: Part No | N74: : | O74: =$C$2 -> 955985
A75: Part Name | B75: : | C75: =$C$3 -> DIN CONNECTOR FITTING | E75: Part Name | F75: : | G75: =$C$3 -> DIN CONNECTOR FITTING | I75: Part Name | J75: : | K75: =$C$3 -> DIN CONNECTOR FITTING | M75: Part Name | N75: : | O75: =$C$3 -> DIN CONNECTOR FITTING
A76: QTY | B76: : | C76: =$C$4 -> 200 | E76: QTY | F76: : | G76: =$C$4 -> 200 | I76: QTY | J76: : | K76: =$C$4 -> 200 | M76: QTY | N76: : | O76: =$C$4 -> 200
A77: Berat | B77: : | C77: gram | E77: Berat | F77: : | G77: gram | I77: Berat | J77: : | K77: gram | M77: Berat | N77: : | O77: gram
A78: Tgl prod | B78: : | C78: =$C$6 -> 0 | E78: Tgl prod | F78: : | G78: =$C$6 -> 0 | I78: Tgl prod | J78: : | K78: =$C$6 -> 0 | M78: Tgl prod | N78: : | O78: =$C$6 -> 0
A79: Checker | B79: : | C79: =C71 -> OK 01 03 | E79: Checker | F79: : | G79: =C79 -> OK 01 03 | I79: Checker | J79: : | K79: =G79 -> OK 01 03 | M79: Checker | N79: : | O79: =K79 -> OK 01 03
A81: =$A$1 -> 226 | B81: PT. TASM | E81: =$A$1 -> 226 | F81: PT. TASM | I81: =$A$1 -> 226 | J81: PT. TASM | M81: =$A$1 -> 226 | N81: PT. TASM
A82: Part No | B82: : | C82: =$C$2 -> 955985 | E82: Part No | F82: : | G82: =$C$2 -> 955985 | I82: Part No | J82: : | K82: =$C$2 -> 955985 | M82: Part No | N82: : | O82: =$C$2 -> 955985
A83: Part Name | B83: : | C83: =$C$3 -> DIN CONNECTOR FITTING | E83: Part Name | F83: : | G83: =$C$3 -> DIN CONNECTOR FITTING | I83: Part Name | J83: : | K83: =$C$3 -> DIN CONNECTOR FITTING | M83: Part Name | N83: : | O83: =$C$3 -> DIN CONNECTOR FITTING
A84: QTY | B84: : | C84: =$C$4 -> 200 | E84: QTY | F84: : | G84: =$C$4 -> 200 | I84: QTY | J84: : | K84: =$C$4 -> 200 | M84: QTY | N84: : | O84: =$C$4 -> 200
A85: Berat | B85: : | C85: gram | E85: Berat | F85: : | G85: gram | I85: Berat | J85: : | K85: gram | M85: Berat | N85: : | O85: gram
A86: Tgl prod | B86: : | C86: =$C$6 -> 0 | E86: Tgl prod | F86: : | G86: =$C$6 -> 0 | I86: Tgl prod | J86: : | K86: =$C$6 -> 0 | M86: Tgl prod | N86: : | O86: =$C$6 -> 0
A87: Checker | B87: : | C87: =C79 -> OK 01 03 | E87: Checker | F87: : | G87: =C87 -> OK 01 03 | I87: Checker | J87: : | K87: =G87 -> OK 01 03 | M87: Checker | N87: : | O87: =K87 -> OK 01 03

Sheet BY
A1: {='Label FG'!F3:F3} -> 226 | B1: PT. TASM | E1: =$A$1 -> 226 | F1: PT. TASM | I1: =$A$1 -> 226 | J1: PT. TASM | M1: =$A$1 -> 226 | N1: PT. TASM
A2: Part No | B2: : | C2: =VLOOKUP(A1,'List Part'!$A$5:$C$374,2,0) -> 955985 | E2: Part No | F2: : | G2: =$C$2 -> 955985 | I2: Part No | J2: : | K2: =$C$2 -> 955985 | M2: Part No | N2: : | O2: =$C$2 -> 955985
A3: Part Name | B3: : | C3: =VLOOKUP(A1,'List Part'!$A$5:$C$374,3,0) -> DIN CONNECTOR FITTING | E3: Part Name | F3: : | G3: =$C$3 -> DIN CONNECTOR FITTING | I3: Part Name | J3: : | K3: =$C$3 -> DIN CONNECTOR FITTING | M3: Part Name | N3: : | O3: =$C$3 -> DIN CONNECTOR FITTING
A4: QTY | B4: : | C4: =VLOOKUP(A1,'List Part'!$A$5:$P$374,15,0) -> 200 | E4: QTY | F4: : | G4: =$C$4 -> 200 | I4: QTY | J4: : | K4: =$C$4 -> 200 | M4: QTY | N4: : | O4: =$C$4 -> 200
A5: Berat | B5: : | C5: gram | E5: Berat | F5: : | G5: gram | I5: Berat | J5: : | K5: gram | M5: Berat | N5: : | O5: gram
A6: Tgl prod | B6: : | C6: =VLOOKUP(A1,'List Part'!$A$5:$P$374,6,0) -> 0 | E6: Tgl prod | F6: : | G6: =$C$6 -> 0 | I6: Tgl prod | J6: : | K6: =$C$6 -> 0 | M6: Tgl prod | N6: : | O6: =$C$6 -> 0
A7: Checker | B7: : | C7: BY 02 05 | E7: Checker | F7: : | G7: =C7 -> BY 02 05 | I7: Checker | J7: : | K7: =G7 -> BY 02 05 | M7: Checker | N7: : | O7: =K7 -> BY 02 05
A9: =$A$1 -> 226 | B9: PT. TASM | E9: =$A$1 -> 226 | F9: PT. TASM | I9: =$A$1 -> 226 | J9: PT. TASM | M9: =$A$1 -> 226 | N9: PT. TASM
A10: Part No | B10: : | C10: =$C$2 -> 955985 | E10: Part No | F10: : | G10: =$C$2 -> 955985 | I10: Part No | J10: : | K10: =$C$2 -> 955985 | M10: Part No | N10: : | O10: =$C$2 -> 955985
A11: Part Name | B11: : | C11: =$C$3 -> DIN CONNECTOR FITTING | E11: Part Name | F11: : | G11: =$C$3 -> DIN CONNECTOR FITTING | I11: Part Name | J11: : | K11: =$C$3 -> DIN CONNECTOR FITTING | M11: Part Name | N11: : | O11: =$C$3 -> DIN CONNECTOR FITTING
A12: QTY | B12: : | C12: =$C$4 -> 200 | E12: QTY | F12: : | G12: =$C$4 -> 200 | I12: QTY | J12: : | K12: =$C$4 -> 200 | M12: QTY | N12: : | O12: =$C$4 -> 200
A13: Berat | B13: : | C13: gram | E13: Berat | F13: : | G13: gram | I13: Berat | J13: : | K13: gram | M13: Berat | N13: : | O13: gram
A14: Tgl prod | B14: : | C14: =$C$6 -> 0 | E14: Tgl prod | F14: : | G14: =$C$6 -> 0 | I14: Tgl prod | J14: : | K14: =$C$6 -> 0 | M14: Tgl prod | N14: : | O14: =$C$6 -> 0
A15: Checker | B15: : | C15: =C7 -> BY 02 05 | E15: Checker | F15: : | G15: =C15 -> BY 02 05 | I15: Checker | J15: : | K15: =G15 -> BY 02 05 | M15: Checker | N15: : | O15: =K15 -> BY 02 05
A17: =$A$1 -> 226 | B17: PT. TASM | E17: =$A$1 -> 226 | F17: PT. TASM | I17: =$A$1 -> 226 | J17: PT. TASM | M17: =$A$1 -> 226 | N17: PT. TASM
A18: Part No | B18: : | C18: =$C$2 -> 955985 | E18: Part No | F18: : | G18: =$C$2 -> 955985 | I18: Part No | J18: : | K18: =$C$2 -> 955985 | M18: Part No | N18: : | O18: =$C$2 -> 955985
A19: Part Name | B19: : | C19: =$C$3 -> DIN CONNECTOR FITTING | E19: Part Name | F19: : | G19: =$C$3 -> DIN CONNECTOR FITTING | I19: Part Name | J19: : | K19: =$C$3 -> DIN CONNECTOR FITTING | M19: Part Name | N19: : | O19: =$C$3 -> DIN CONNECTOR FITTING
A20: QTY | B20: : | C20: =$C$4 -> 200 | E20: QTY | F20: : | G20: =$C$4 -> 200 | I20: QTY | J20: : | K20: =$C$4 -> 200 | M20: QTY | N20: : | O20: =$C$4 -> 200
A21: Berat | B21: : | C21: gram | E21: Berat | F21: : | G21: gram | I21: Berat | J21: : | K21: gram | M21: Berat | N21: : | O21: gram
A22: Tgl prod | B22: : | C22: =$C$6 -> 0 | E22: Tgl prod | F22: : | G22: =$C$6 -> 0 | I22: Tgl prod | J22: : | K22: =$C$6 -> 0 | M22: Tgl prod | N22: : | O22: =$C$6 -> 0
A23: Checker | B23: : | C23: =C15 -> BY 02 05 | E23: Checker | F23: : | G23: =C23 -> BY 02 05 | I23: Checker | J23: : | K23: =G23 -> BY 02 05 | M23: Checker | N23: : | O23: =K23 -> BY 02 05
A25: =$A$1 -> 226 | B25: PT. TASM | E25: =$A$1 -> 226 | F25: PT. TASM | I25: =$A$1 -> 226 | J25: PT. TASM | M25: =$A$1 -> 226 | N25: PT. TASM
A26: Part No | B26: : | C26: =$C$2 -> 955985 | E26: Part No | F26: : | G26: =$C$2 -> 955985 | I26: Part No | J26: : | K26: =$C$2 -> 955985 | M26: Part No | N26: : | O26: =$C$2 -> 955985
A27: Part Name | B27: : | C27: =$C$3 -> DIN CONNECTOR FITTING | E27: Part Name | F27: : | G27: =$C$3 -> DIN CONNECTOR FITTING | I27: Part Name | J27: : | K27: =$C$3 -> DIN CONNECTOR FITTING | M27: Part Name | N27: : | O27: =$C$3 -> DIN CONNECTOR FITTING
A28: QTY | B28: : | C28: =$C$4 -> 200 | E28: QTY | F28: : | G28: =$C$4 -> 200 | I28: QTY | J28: : | K28: =$C$4 -> 200 | M28: QTY | N28: : | O28: =$C$4 -> 200
A29: Berat | B29: : | C29: gram | E29: Berat | F29: : | G29: gram | I29: Berat | J29: : | K29: gram | M29: Berat | N29: : | O29: gram
A30: Tgl prod | B30: : | C30: =$C$6 -> 0 | E30: Tgl prod | F30: : | G30: =$C$6 -> 0 | I30: Tgl prod | J30: : | K30: =$C$6 -> 0 | M30: Tgl prod | N30: : | O30: =$C$6 -> 0
A31: Checker | B31: : | C31: =C23 -> BY 02 05 | E31: Checker | F31: : | G31: =C31 -> BY 02 05 | I31: Checker | J31: : | K31: =G31 -> BY 02 05 | M31: Checker | N31: : | O31: =K31 -> BY 02 05
A33: =$A$1 -> 226 | B33: PT. TASM | E33: =$A$1 -> 226 | F33: PT. TASM | I33: =$A$1 -> 226 | J33: PT. TASM | M33: =$A$1 -> 226 | N33: PT. TASM
A34: Part No | B34: : | C34: =$C$2 -> 955985 | E34: Part No | F34: : | G34: =$C$2 -> 955985 | I34: Part No | J34: : | K34: =$C$2 -> 955985 | M34: Part No | N34: : | O34: =$C$2 -> 955985
A35: Part Name | B35: : | C35: =$C$3 -> DIN CONNECTOR FITTING | E35: Part Name | F35: : | G35: =$C$3 -> DIN CONNECTOR FITTING | I35: Part Name | J35: : | K35: =$C$3 -> DIN CONNECTOR FITTING | M35: Part Name | N35: : | O35: =$C$3 -> DIN CONNECTOR FITTING
A36: QTY | B36: : | C36: =$C$4 -> 200 | E36: QTY | F36: : | G36: =$C$4 -> 200 | I36: QTY | J36: : | K36: =$C$4 -> 200 | M36: QTY | N36: : | O36: =$C$4 -> 200
A37: Berat | B37: : | C37: gram | E37: Berat | F37: : | G37: gram | I37: Berat | J37: : | K37: gram | M37: Berat | N37: : | O37: gram
A38: Tgl prod | B38: : | C38: =$C$6 -> 0 | E38: Tgl prod | F38: : | G38: =$C$6 -> 0 | I38: Tgl prod | J38: : | K38: =$C$6 -> 0 | M38: Tgl prod | N38: : | O38: =$C$6 -> 0
A39: Checker | B39: : | C39: =C31 -> BY 02 05 | E39: Checker | F39: : | G39: =C39 -> BY 02 05 | I39: Checker | J39: : | K39: =G39 -> BY 02 05 | M39: Checker | N39: : | O39: =K39 -> BY 02 05
A41: =$A$1 -> 226 | B41: PT. TASM | E41: =$A$1 -> 226 | F41: PT. TASM | I41: =$A$1 -> 226 | J41: PT. TASM | M41: =$A$1 -> 226 | N41: PT. TASM
A42: Part No | B42: : | C42: =$C$2 -> 955985 | E42: Part No | F42: : | G42: =$C$2 -> 955985 | I42: Part No | J42: : | K42: =$C$2 -> 955985 | M42: Part No | N42: : | O42: =$C$2 -> 955985
A43: Part Name | B43: : | C43: =$C$3 -> DIN CONNECTOR FITTING | E43: Part Name | F43: : | G43: =$C$3 -> DIN CONNECTOR FITTING | I43: Part Name | J43: : | K43: =$C$3 -> DIN CONNECTOR FITTING | M43: Part Name | N43: : | O43: =$C$3 -> DIN CONNECTOR FITTING
A44: QTY | B44: : | C44: =$C$4 -> 200 | E44: QTY | F44: : | G44: =$C$4 -> 200 | I44: QTY | J44: : | K44: =$C$4 -> 200 | M44: QTY | N44: : | O44: =$C$4 -> 200
A45: Berat | B45: : | C45: gram | E45: Berat | F45: : | G45: gram | I45: Berat | J45: : | K45: gram | M45: Berat | N45: : | O45: gram
A46: Tgl prod | B46: : | C46: =$C$6 -> 0 | E46: Tgl prod | F46: : | G46: =$C$6 -> 0 | I46: Tgl prod | J46: : | K46: =$C$6 -> 0 | M46: Tgl prod | N46: : | O46: =$C$6 -> 0
A47: Checker | B47: : | C47: =C39 -> BY 02 05 | E47: Checker | F47: : | G47: =C47 -> BY 02 05 | I47: Checker | J47: : | K47: =G47 -> BY 02 05 | M47: Checker | N47: : | O47: =K47 -> BY 02 05
A49: =$A$1 -> 226 | B49: PT. TASM | E49: =$A$1 -> 226 | F49: PT. TASM | I49: =$A$1 -> 226 | J49: PT. TASM | M49: =$A$1 -> 226 | N49: PT. TASM
A50: Part No | B50: : | C50: =$C$2 -> 955985 | E50: Part No | F50: : | G50: =$C$2 -> 955985 | I50: Part No | J50: : | K50: =$C$2 -> 955985 | M50: Part No | N50: : | O50: =$C$2 -> 955985
A51: Part Name | B51: : | C51: =$C$3 -> DIN CONNECTOR FITTING | E51: Part Name | F51: : | G51: =$C$3 -> DIN CONNECTOR FITTING | I51: Part Name | J51: : | K51: =$C$3 -> DIN CONNECTOR FITTING | M51: Part Name | N51: : | O51: =$C$3 -> DIN CONNECTOR FITTING
A52: QTY | B52: : | C52: =$C$4 -> 200 | E52: QTY | F52: : | G52: =$C$4 -> 200 | I52: QTY | J52: : | K52: =$C$4 -> 200 | M52: QTY | N52: : | O52: =$C$4 -> 200
A53: Berat | B53: : | C53: gram | E53: Berat | F53: : | G53: gram | I53: Berat | J53: : | K53: gram | M53: Berat | N53: : | O53: gram
A54: Tgl prod | B54: : | C54: =$C$6 -> 0 | E54: Tgl prod | F54: : | G54: =$C$6 -> 0 | I54: Tgl prod | J54: : | K54: =$C$6 -> 0 | M54: Tgl prod | N54: : | O54: =$C$6 -> 0
A55: Checker | B55: : | C55: =C47 -> BY 02 05 | E55: Checker | F55: : | G55: =C55 -> BY 02 05 | I55: Checker | J55: : | K55: =G55 -> BY 02 05 | M55: Checker | N55: : | O55: =K55 -> BY 02 05
A57: =$A$1 -> 226 | B57: PT. TASM | E57: =$A$1 -> 226 | F57: PT. TASM | I57: =$A$1 -> 226 | J57: PT. TASM | M57: =$A$1 -> 226 | N57: PT. TASM
A58: Part No | B58: : | C58: =$C$2 -> 955985 | E58: Part No | F58: : | G58: =$C$2 -> 955985 | I58: Part No | J58: : | K58: =$C$2 -> 955985 | M58: Part No | N58: : | O58: =$C$2 -> 955985
A59: Part Name | B59: : | C59: =$C$3 -> DIN CONNECTOR FITTING | E59: Part Name | F59: : | G59: =$C$3 -> DIN CONNECTOR FITTING | I59: Part Name | J59: : | K59: =$C$3 -> DIN CONNECTOR FITTING | M59: Part Name | N59: : | O59: =$C$3 -> DIN CONNECTOR FITTING
A60: QTY | B60: : | C60: =$C$4 -> 200 | E60: QTY | F60: : | G60: =$C$4 -> 200 | I60: QTY | J60: : | K60: =$C$4 -> 200 | M60: QTY | N60: : | O60: =$C$4 -> 200
A61: Berat | B61: : | C61: gram | E61: Berat | F61: : | G61: gram | I61: Berat | J61: : | K61: gram | M61: Berat | N61: : | O61: gram
A62: Tgl prod | B62: : | C62: =$C$6 -> 0 | E62: Tgl prod | F62: : | G62: =$C$6 -> 0 | I62: Tgl prod | J62: : | K62: =$C$6 -> 0 | M62: Tgl prod | N62: : | O62: =$C$6 -> 0
A63: Checker | B63: : | C63: =C55 -> BY 02 05 | E63: Checker | F63: : | G63: =C63 -> BY 02 05 | I63: Checker | J63: : | K63: =G63 -> BY 02 05 | M63: Checker | N63: : | O63: =K63 -> BY 02 05
A65: =$A$1 -> 226 | B65: PT. TASM | E65: =$A$1 -> 226 | F65: PT. TASM | I65: =$A$1 -> 226 | J65: PT. TASM | M65: =$A$1 -> 226 | N65: PT. TASM
A66: Part No | B66: : | C66: =$C$2 -> 955985 | E66: Part No | F66: : | G66: =$C$2 -> 955985 | I66: Part No | J66: : | K66: =$C$2 -> 955985 | M66: Part No | N66: : | O66: =$C$2 -> 955985
A67: Part Name | B67: : | C67: =$C$3 -> DIN CONNECTOR FITTING | E67: Part Name | F67: : | G67: =$C$3 -> DIN CONNECTOR FITTING | I67: Part Name | J67: : | K67: =$C$3 -> DIN CONNECTOR FITTING | M67: Part Name | N67: : | O67: =$C$3 -> DIN CONNECTOR FITTING
A68: QTY | B68: : | C68: =$C$4 -> 200 | E68: QTY | F68: : | G68: =$C$4 -> 200 | I68: QTY | J68: : | K68: =$C$4 -> 200 | M68: QTY | N68: : | O68: =$C$4 -> 200
A69: Berat | B69: : | C69: gram | E69: Berat | F69: : | G69: gram | I69: Berat | J69: : | K69: gram | M69: Berat | N69: : | O69: gram
A70: Tgl prod | B70: : | C70: =$C$6 -> 0 | E70: Tgl prod | F70: : | G70: =$C$6 -> 0 | I70: Tgl prod | J70: : | K70: =$C$6 -> 0 | M70: Tgl prod | N70: : | O70: =$C$6 -> 0
A71: Checker | B71: : | C71: =C63 -> BY 02 05 | E71: Checker | F71: : | G71: =C71 -> BY 02 05 | I71: Checker | J71: : | K71: =G71 -> BY 02 05 | M71: Checker | N71: : | O71: =K71 -> BY 02 05
A73: =$A$1 -> 226 | B73: PT. TASM | E73: =$A$1 -> 226 | F73: PT. TASM | I73: =$A$1 -> 226 | J73: PT. TASM | M73: =$A$1 -> 226 | N73: PT. TASM
A74: Part No | B74: : | C74: =$C$2 -> 955985 | E74: Part No | F74: : | G74: =$C$2 -> 955985 | I74: Part No | J74: : | K74: =$C$2 -> 955985 | M74: Part No | N74: : | O74: =$C$2 -> 955985
A75: Part Name | B75: : | C75: =$C$3 -> DIN CONNECTOR FITTING | E75: Part Name | F75: : | G75: =$C$3 -> DIN CONNECTOR FITTING | I75: Part Name | J75: : | K75: =$C$3 -> DIN CONNECTOR FITTING | M75: Part Name | N75: : | O75: =$C$3 -> DIN CONNECTOR FITTING
A76: QTY | B76: : | C76: =$C$4 -> 200 | E76: QTY | F76: : | G76: =$C$4 -> 200 | I76: QTY | J76: : | K76: =$C$4 -> 200 | M76: QTY | N76: : | O76: =$C$4 -> 200
A77: Berat | B77: : | C77: gram | E77: Berat | F77: : | G77: gram | I77: Berat | J77: : | K77: gram | M77: Berat | N77: : | O77: gram
A78: Tgl prod | B78: : | C78: =$C$6 -> 0 | E78: Tgl prod | F78: : | G78: =$C$6 -> 0 | I78: Tgl prod | J78: : | K78: =$C$6 -> 0 | M78: Tgl prod | N78: : | O78: =$C$6 -> 0
A79: Checker | B79: : | C79: =C71 -> BY 02 05 | E79: Checker | F79: : | G79: =C79 -> BY 02 05 | I79: Checker | J79: : | K79: =G79 -> BY 02 05 | M79: Checker | N79: : | O79: =K79 -> BY 02 05
A81: =$A$1 -> 226 | B81: PT. TASM | E81: =$A$1 -> 226 | F81: PT. TASM | I81: =$A$1 -> 226 | J81: PT. TASM | M81: =$A$1 -> 226 | N81: PT. TASM
A82: Part No | B82: : | C82: =$C$2 -> 955985 | E82: Part No | F82: : | G82: =$C$2 -> 955985 | I82: Part No | J82: : | K82: =$C$2 -> 955985 | M82: Part No | N82: : | O82: =$C$2 -> 955985
A83: Part Name | B83: : | C83: =$C$3 -> DIN CONNECTOR FITTING | E83: Part Name | F83: : | G83: =$C$3 -> DIN CONNECTOR FITTING | I83: Part Name | J83: : | K83: =$C$3 -> DIN CONNECTOR FITTING | M83: Part Name | N83: : | O83: =$C$3 -> DIN CONNECTOR FITTING
A84: QTY | B84: : | C84: =$C$4 -> 200 | E84: QTY | F84: : | G84: =$C$4 -> 200 | I84: QTY | J84: : | K84: =$C$4 -> 200 | M84: QTY | N84: : | O84: =$C$4 -> 200
A85: Berat | B85: : | C85: gram | E85: Berat | F85: : | G85: gram | I85: Berat | J85: : | K85: gram | M85: Berat | N85: : | O85: gram
A86: Tgl prod | B86: : | C86: =$C$6 -> 0 | E86: Tgl prod | F86: : | G86: =$C$6 -> 0 | I86: Tgl prod | J86: : | K86: =$C$6 -> 0 | M86: Tgl prod | N86: : | O86: =$C$6 -> 0
A87: Checker | B87: : | C87: =C79 -> BY 02 05 | E87: Checker | F87: : | G87: =C87 -> BY 02 05 | I87: Checker | J87: : | K87: =G87 -> BY 02 05 | M87: Checker | N87: : | O87: =K87 -> BY 02 05

Sheet SPY
A1: {='Label FG'!F3:F3} -> 226 | B1: PT. TASM | E1: =$A$1 -> 226 | F1: PT. TASM | I1: =$A$1 -> 226 | J1: PT. TASM | M1: =$A$1 -> 226 | N1: PT. TASM
A2: Part No | B2: : | C2: =VLOOKUP(A1,'List Part'!$A$5:$C$374,2,0) -> 955985 | E2: Part No | F2: : | G2: =$C$2 -> 955985 | I2: Part No | J2: : | K2: =$C$2 -> 955985 | M2: Part No | N2: : | O2: =$C$2 -> 955985
A3: Part Name | B3: : | C3: =VLOOKUP(A1,'List Part'!$A$5:$C$374,3,0) -> DIN CONNECTOR FITTING | E3: Part Name | F3: : | G3: =$C$3 -> DIN CONNECTOR FITTING | I3: Part Name | J3: : | K3: =$C$3 -> DIN CONNECTOR FITTING | M3: Part Name | N3: : | O3: =$C$3 -> DIN CONNECTOR FITTING
A4: QTY | B4: : | C4: =VLOOKUP(A1,'List Part'!$A$5:$P$374,15,0) -> 200 | E4: QTY | F4: : | G4: =$C$4 -> 200 | I4: QTY | J4: : | K4: =$C$4 -> 200 | M4: QTY | N4: : | O4: =$C$4 -> 200
A5: Berat | B5: : | C5: gram | E5: Berat | F5: : | G5: gram | I5: Berat | J5: : | K5: gram | M5: Berat | N5: : | O5: gram
A6: Tgl prod | B6: : | C6: =VLOOKUP(A1,'List Part'!$A$5:$P$374,6,0) -> 0 | E6: Tgl prod | F6: : | G6: =$C$6 -> 0 | I6: Tgl prod | J6: : | K6: =$C$6 -> 0 | M6: Tgl prod | N6: : | O6: =$C$6 -> 0
A7: Checker | B7: : | C7: A | E7: Checker | F7: : | G7: =C7 -> A | I7: Checker | J7: : | K7: =G7 -> A | M7: Checker | N7: : | O7: =K7 -> A
A9: =$A$1 -> 226 | B9: PT. TASM | E9: =$A$1 -> 226 | F9: PT. TASM | I9: =$A$1 -> 226 | J9: PT. TASM | M9: =$A$1 -> 226 | N9: PT. TASM
A10: Part No | B10: : | C10: =$C$2 -> 955985 | E10: Part No | F10: : | G10: =$C$2 -> 955985 | I10: Part No | J10: : | K10: =$C$2 -> 955985 | M10: Part No | N10: : | O10: =$C$2 -> 955985
A11: Part Name | B11: : | C11: =$C$3 -> DIN CONNECTOR FITTING | E11: Part Name | F11: : | G11: =$C$3 -> DIN CONNECTOR FITTING | I11: Part Name | J11: : | K11: =$C$3 -> DIN CONNECTOR FITTING | M11: Part Name | N11: : | O11: =$C$3 -> DIN CONNECTOR FITTING
A12: QTY | B12: : | C12: =$C$4 -> 200 | E12: QTY | F12: : | G12: =$C$4 -> 200 | I12: QTY | J12: : | K12: =$C$4 -> 200 | M12: QTY | N12: : | O12: =$C$4 -> 200
A13: Berat | B13: : | C13: gram | E13: Berat | F13: : | G13: gram | I13: Berat | J13: : | K13: gram | M13: Berat | N13: : | O13: gram
A14: Tgl prod | B14: : | C14: =$C$6 -> 0 | E14: Tgl prod | F14: : | G14: =$C$6 -> 0 | I14: Tgl prod | J14: : | K14: =$C$6 -> 0 | M14: Tgl prod | N14: : | O14: =$C$6 -> 0
A15: Checker | B15: : | C15: =C7 -> A | E15: Checker | F15: : | G15: =C15 -> A | I15: Checker | J15: : | K15: =G15 -> A | M15: Checker | N15: : | O15: =K15 -> A
A17: =$A$1 -> 226 | B17: PT. TASM | E17: =$A$1 -> 226 | F17: PT. TASM | I17: =$A$1 -> 226 | J17: PT. TASM | M17: =$A$1 -> 226 | N17: PT. TASM
A18: Part No | B18: : | C18: =$C$2 -> 955985 | E18: Part No | F18: : | G18: =$C$2 -> 955985 | I18: Part No | J18: : | K18: =$C$2 -> 955985 | M18: Part No | N18: : | O18: =$C$2 -> 955985
A19: Part Name | B19: : | C19: =$C$3 -> DIN CONNECTOR FITTING | E19: Part Name | F19: : | G19: =$C$3 -> DIN CONNECTOR FITTING | I19: Part Name | J19: : | K19: =$C$3 -> DIN CONNECTOR FITTING | M19: Part Name | N19: : | O19: =$C$3 -> DIN CONNECTOR FITTING
A20: QTY | B20: : | C20: =$C$4 -> 200 | E20: QTY | F20: : | G20: =$C$4 -> 200 | I20: QTY | J20: : | K20: =$C$4 -> 200 | M20: QTY | N20: : | O20: =$C$4 -> 200
A21: Berat | B21: : | C21: gram | E21: Berat | F21: : | G21: gram | I21: Berat | J21: : | K21: gram | M21: Berat | N21: : | O21: gram
A22: Tgl prod | B22: : | C22: =$C$6 -> 0 | E22: Tgl prod | F22: : | G22: =$C$6 -> 0 | I22: Tgl prod | J22: : | K22: =$C$6 -> 0 | M22: Tgl prod | N22: : | O22: =$C$6 -> 0
A23: Checker | B23: : | C23: =C15 -> A | E23: Checker | F23: : | G23: =C23 -> A | I23: Checker | J23: : | K23: =G23 -> A | M23: Checker | N23: : | O23: =K23 -> A
A25: =$A$1 -> 226 | B25: PT. TASM | E25: =$A$1 -> 226 | F25: PT. TASM | I25: =$A$1 -> 226 | J25: PT. TASM | M25: =$A$1 -> 226 | N25: PT. TASM
A26: Part No | B26: : | C26: =$C$2 -> 955985 | E26: Part No | F26: : | G26: =$C$2 -> 955985 | I26: Part No | J26: : | K26: =$C$2 -> 955985 | M26: Part No | N26: : | O26: =$C$2 -> 955985
A27: Part Name | B27: : | C27: =$C$3 -> DIN CONNECTOR FITTING | E27: Part Name | F27: : | G27: =$C$3 -> DIN CONNECTOR FITTING | I27: Part Name | J27: : | K27: =$C$3 -> DIN CONNECTOR FITTING | M27: Part Name | N27: : | O27: =$C$3 -> DIN CONNECTOR FITTING
A28: QTY | B28: : | C28: =$C$4 -> 200 | E28: QTY | F28: : | G28: =$C$4 -> 200 | I28: QTY | J28: : | K28: =$C$4 -> 200 | M28: QTY | N28: : | O28: =$C$4 -> 200
A29: Berat | B29: : | C29: gram | E29: Berat | F29: : | G29: gram | I29: Berat | J29: : | K29: gram | M29: Berat | N29: : | O29: gram
A30: Tgl prod | B30: : | C30: =$C$6 -> 0 | E30: Tgl prod | F30: : | G30: =$C$6 -> 0 | I30: Tgl prod | J30: : | K30: =$C$6 -> 0 | M30: Tgl prod | N30: : | O30: =$C$6 -> 0
A31: Checker | B31: : | C31: =C23 -> A | E31: Checker | F31: : | G31: =C31 -> A | I31: Checker | J31: : | K31: =G31 -> A | M31: Checker | N31: : | O31: =K31 -> A
A33: =$A$1 -> 226 | B33: PT. TASM | E33: =$A$1 -> 226 | F33: PT. TASM | I33: =$A$1 -> 226 | J33: PT. TASM | M33: =$A$1 -> 226 | N33: PT. TASM
A34: Part No | B34: : | C34: =$C$2 -> 955985 | E34: Part No | F34: : | G34: =$C$2 -> 955985 | I34: Part No | J34: : | K34: =$C$2 -> 955985 | M34: Part No | N34: : | O34: =$C$2 -> 955985
A35: Part Name | B35: : | C35: =$C$3 -> DIN CONNECTOR FITTING | E35: Part Name | F35: : | G35: =$C$3 -> DIN CONNECTOR FITTING | I35: Part Name | J35: : | K35: =$C$3 -> DIN CONNECTOR FITTING | M35: Part Name | N35: : | O35: =$C$3 -> DIN CONNECTOR FITTING
A36: QTY | B36: : | C36: =$C$4 -> 200 | E36: QTY | F36: : | G36: =$C$4 -> 200 | I36: QTY | J36: : | K36: =$C$4 -> 200 | M36: QTY | N36: : | O36: =$C$4 -> 200
A37: Berat | B37: : | C37: gram | E37: Berat | F37: : | G37: gram | I37: Berat | J37: : | K37: gram | M37: Berat | N37: : | O37: gram
A38: Tgl prod | B38: : | C38: =$C$6 -> 0 | E38: Tgl prod | F38: : | G38: =$C$6 -> 0 | I38: Tgl prod | J38: : | K38: =$C$6 -> 0 | M38: Tgl prod | N38: : | O38: =$C$6 -> 0
A39: Checker | B39: : | C39: =C31 -> A | E39: Checker | F39: : | G39: =C39 -> A | I39: Checker | J39: : | K39: =G39 -> A | M39: Checker | N39: : | O39: =K39 -> A
A41: =$A$1 -> 226 | B41: PT. TASM | E41: =$A$1 -> 226 | F41: PT. TASM | I41: =$A$1 -> 226 | J41: PT. TASM | M41: =$A$1 -> 226 | N41: PT. TASM
A42: Part No | B42: : | C42: =$C$2 -> 955985 | E42: Part No | F42: : | G42: =$C$2 -> 955985 | I42: Part No | J42: : | K42: =$C$2 -> 955985 | M42: Part No | N42: : | O42: =$C$2 -> 955985
A43: Part Name | B43: : | C43: =$C$3 -> DIN CONNECTOR FITTING | E43: Part Name | F43: : | G43: =$C$3 -> DIN CONNECTOR FITTING | I43: Part Name | J43: : | K43: =$C$3 -> DIN CONNECTOR FITTING | M43: Part Name | N43: : | O43: =$C$3 -> DIN CONNECTOR FITTING
A44: QTY | B44: : | C44: =$C$4 -> 200 | E44: QTY | F44: : | G44: =$C$4 -> 200 | I44: QTY | J44: : | K44: =$C$4 -> 200 | M44: QTY | N44: : | O44: =$C$4 -> 200
A45: Berat | B45: : | C45: gram | E45: Berat | F45: : | G45: gram | I45: Berat | J45: : | K45: gram | M45: Berat | N45: : | O45: gram
A46: Tgl prod | B46: : | C46: =$C$6 -> 0 | E46: Tgl prod | F46: : | G46: =$C$6 -> 0 | I46: Tgl prod | J46: : | K46: =$C$6 -> 0 | M46: Tgl prod | N46: : | O46: =$C$6 -> 0
A47: Checker | B47: : | C47: =C39 -> A | E47: Checker | F47: : | G47: =C47 -> A | I47: Checker | J47: : | K47: =G47 -> A | M47: Checker | N47: : | O47: =K47 -> A
A49: =$A$1 -> 226 | B49: PT. TASM | E49: =$A$1 -> 226 | F49: PT. TASM | I49: =$A$1 -> 226 | J49: PT. TASM | M49: =$A$1 -> 226 | N49: PT. TASM
A50: Part No | B50: : | C50: =$C$2 -> 955985 | E50: Part No | F50: : | G50: =$C$2 -> 955985 | I50: Part No | J50: : | K50: =$C$2 -> 955985 | M50: Part No | N50: : | O50: =$C$2 -> 955985
A51: Part Name | B51: : | C51: =$C$3 -> DIN CONNECTOR FITTING | E51: Part Name | F51: : | G51: =$C$3 -> DIN CONNECTOR FITTING | I51: Part Name | J51: : | K51: =$C$3 -> DIN CONNECTOR FITTING | M51: Part Name | N51: : | O51: =$C$3 -> DIN CONNECTOR FITTING
A52: QTY | B52: : | C52: =$C$4 -> 200 | E52: QTY | F52: : | G52: =$C$4 -> 200 | I52: QTY | J52: : | K52: =$C$4 -> 200 | M52: QTY | N52: : | O52: =$C$4 -> 200
A53: Berat | B53: : | C53: gram | E53: Berat | F53: : | G53: gram | I53: Berat | J53: : | K53: gram | M53: Berat | N53: : | O53: gram
A54: Tgl prod | B54: : | C54: =$C$6 -> 0 | E54: Tgl prod | F54: : | G54: =$C$6 -> 0 | I54: Tgl prod | J54: : | K54: =$C$6 -> 0 | M54: Tgl prod | N54: : | O54: =$C$6 -> 0
A55: Checker | B55: : | C55: =C47 -> A | E55: Checker | F55: : | G55: =C55 -> A | I55: Checker | J55: : | K55: =G55 -> A | M55: Checker | N55: : | O55: =K55 -> A
A57: =$A$1 -> 226 | B57: PT. TASM | E57: =$A$1 -> 226 | F57: PT. TASM | I57: =$A$1 -> 226 | J57: PT. TASM | M57: =$A$1 -> 226 | N57: PT. TASM
A58: Part No | B58: : | C58: =$C$2 -> 955985 | E58: Part No | F58: : | G58: =$C$2 -> 955985 | I58: Part No | J58: : | K58: =$C$2 -> 955985 | M58: Part No | N58: : | O58: =$C$2 -> 955985
A59: Part Name | B59: : | C59: =$C$3 -> DIN CONNECTOR FITTING | E59: Part Name | F59: : | G59: =$C$3 -> DIN CONNECTOR FITTING | I59: Part Name | J59: : | K59: =$C$3 -> DIN CONNECTOR FITTING | M59: Part Name | N59: : | O59: =$C$3 -> DIN CONNECTOR FITTING
A60: QTY | B60: : | C60: =$C$4 -> 200 | E60: QTY | F60: : | G60: =$C$4 -> 200 | I60: QTY | J60: : | K60: =$C$4 -> 200 | M60: QTY | N60: : | O60: =$C$4 -> 200
A61: Berat | B61: : | C61: gram | E61: Berat | F61: : | G61: gram | I61: Berat | J61: : | K61: gram | M61: Berat | N61: : | O61: gram
A62: Tgl prod | B62: : | C62: =$C$6 -> 0 | E62: Tgl prod | F62: : | G62: =$C$6 -> 0 | I62: Tgl prod | J62: : | K62: =$C$6 -> 0 | M62: Tgl prod | N62: : | O62: =$C$6 -> 0
A63: Checker | B63: : | C63: =C55 -> A | E63: Checker | F63: : | G63: =C63 -> A | I63: Checker | J63: : | K63: =G63 -> A | M63: Checker | N63: : | O63: =K63 -> A
A65: =$A$1 -> 226 | B65: PT. TASM | E65: =$A$1 -> 226 | F65: PT. TASM | I65: =$A$1 -> 226 | J65: PT. TASM | M65: =$A$1 -> 226 | N65: PT. TASM
A66: Part No | B66: : | C66: =$C$2 -> 955985 | E66: Part No | F66: : | G66: =$C$2 -> 955985 | I66: Part No | J66: : | K66: =$C$2 -> 955985 | M66: Part No | N66: : | O66: =$C$2 -> 955985
A67: Part Name | B67: : | C67: =$C$3 -> DIN CONNECTOR FITTING | E67: Part Name | F67: : | G67: =$C$3 -> DIN CONNECTOR FITTING | I67: Part Name | J67: : | K67: =$C$3 -> DIN CONNECTOR FITTING | M67: Part Name | N67: : | O67: =$C$3 -> DIN CONNECTOR FITTING
A68: QTY | B68: : | C68: =$C$4 -> 200 | E68: QTY | F68: : | G68: =$C$4 -> 200 | I68: QTY | J68: : | K68: =$C$4 -> 200 | M68: QTY | N68: : | O68: =$C$4 -> 200
A69: Berat | B69: : | C69: gram | E69: Berat | F69: : | G69: gram | I69: Berat | J69: : | K69: gram | M69: Berat | N69: : | O69: gram
A70: Tgl prod | B70: : | C70: =$C$6 -> 0 | E70: Tgl prod | F70: : | G70: =$C$6 -> 0 | I70: Tgl prod | J70: : | K70: =$C$6 -> 0 | M70: Tgl prod | N70: : | O70: =$C$6 -> 0
A71: Checker | B71: : | C71: =C63 -> A | E71: Checker | F71: : | G71: =C71 -> A | I71: Checker | J71: : | K71: =G71 -> A | M71: Checker | N71: : | O71: =K71 -> A
A73: =$A$1 -> 226 | B73: PT. TASM | E73: =$A$1 -> 226 | F73: PT. TASM | I73: =$A$1 -> 226 | J73: PT. TASM | M73: =$A$1 -> 226 | N73: PT. TASM
A74: Part No | B74: : | C74: =$C$2 -> 955985 | E74: Part No | F74: : | G74: =$C$2 -> 955985 | I74: Part No | J74: : | K74: =$C$2 -> 955985 | M74: Part No | N74: : | O74: =$C$2 -> 955985
A75: Part Name | B75: : | C75: =$C$3 -> DIN CONNECTOR FITTING | E75: Part Name | F75: : | G75: =$C$3 -> DIN CONNECTOR FITTING | I75: Part Name | J75: : | K75: =$C$3 -> DIN CONNECTOR FITTING | M75: Part Name | N75: : | O75: =$C$3 -> DIN CONNECTOR FITTING
A76: QTY | B76: : | C76: =$C$4 -> 200 | E76: QTY | F76: : | G76: =$C$4 -> 200 | I76: QTY | J76: : | K76: =$C$4 -> 200 | M76: QTY | N76: : | O76: =$C$4 -> 200
A77: Berat | B77: : | C77: gram | E77: Berat | F77: : | G77: gram | I77: Berat | J77: : | K77: gram | M77: Berat | N77: : | O77: gram
A78: Tgl prod | B78: : | C78: =$C$6 -> 0 | E78: Tgl prod | F78: : | G78: =$C$6 -> 0 | I78: Tgl prod | J78: : | K78: =$C$6 -> 0 | M78: Tgl prod | N78: : | O78: =$C$6 -> 0
A79: Checker | B79: : | C79: =C71 -> A | E79: Checker | F79: : | G79: =C79 -> A | I79: Checker | J79: : | K79: =G79 -> A | M79: Checker | N79: : | O79: =K79 -> A
A81: =$A$1 -> 226 | B81: PT. TASM | E81: =$A$1 -> 226 | F81: PT. TASM | I81: =$A$1 -> 226 | J81: PT. TASM | M81: =$A$1 -> 226 | N81: PT. TASM
A82: Part No | B82: : | C82: =$C$2 -> 955985 | E82: Part No | F82: : | G82: =$C$2 -> 955985 | I82: Part No | J82: : | K82: =$C$2 -> 955985 | M82: Part No | N82: : | O82: =$C$2 -> 955985
A83: Part Name | B83: : | C83: =$C$3 -> DIN CONNECTOR FITTING | E83: Part Name | F83: : | G83: =$C$3 -> DIN CONNECTOR FITTING | I83: Part Name | J83: : | K83: =$C$3 -> DIN CONNECTOR FITTING | M83: Part Name | N83: : | O83: =$C$3 -> DIN CONNECTOR FITTING
A84: QTY | B84: : | C84: =$C$4 -> 200 | E84: QTY | F84: : | G84: =$C$4 -> 200 | I84: QTY | J84: : | K84: =$C$4 -> 200 | M84: QTY | N84: : | O84: =$C$4 -> 200
A85: Berat | B85: : | C85: gram | E85: Berat | F85: : | G85: gram | I85: Berat | J85: : | K85: gram | M85: Berat | N85: : | O85: gram
A86: Tgl prod | B86: : | C86: =$C$6 -> 0 | E86: Tgl prod | F86: : | G86: =$C$6 -> 0 | I86: Tgl prod | J86: : | K86: =$C$6 -> 0 | M86: Tgl prod | N86: : | O86: =$C$6 -> 0
A87: Checker | B87: : | C87: =C79 -> A | E87: Checker | F87: : | G87: =C87 -> A | I87: Checker | J87: : | K87: =G87 -> A | M87: Checker | N87: : | O87: =K87 -> A

Sheet Label FG
B1: PT. TEKUN ASAS SUMBER MAKMUR | I1: PT. TEKUN ASAS SUMBER MAKMUR
A2: Customer name | B2: : | C2: =VLOOKUP(F3,'List Part'!$A$5:$D$426,4,0) -> PT. KAWAI INDONESIA | F2: Code : | H2: Customer name | I2: : | J2: =$C$2 -> PT. KAWAI INDONESIA | M2: Code :
A3: Part no | B3: : | C3: =VLOOKUP(F3,'List Part'!$A$5:$C$426,2,0) -> 955985 | F3: 226 | H3: Part no | I3: : | J3: =$C$3 -> 955985 | M3: =$F$3 -> 226
A4: Part name | B4: : | C4: =VLOOKUP(F3,'List Part'!$A$5:$C$426,3,0) -> DIN CONNECTOR FITTING | H4: Part name | I4: : | J4: =$C$4 -> DIN CONNECTOR FITTING
A5: Model | B5: : | C5: =VLOOKUP($F$3,'List Part'!$A$5:$H$426,8,0) -> F28235 | H5: Model | I5: : | J5: =$C$5 -> F28235
A6: Delivery date | B6: : | F6: QR code | H6: Delivery date | I6: : | M6: QR code
A7: Berat per pack | B7: : | D7: Kg | H7: Berat per pack | I7: : | K7: Kg
A8: Quantity | B8: : | C8: =VLOOKUP(F3,'List Part'!$A$5:$E$426,5,0) -> 1000 | D8: Pcs | H8: Quantity | I8: : | J8: =$C$8 -> 1000 | K8: Pcs
A9: Inspector name | B9: : | H9: Inspector name | I9: :
A10: Prod. date | C10: Exp. date | E10: Status part | F10: OK | H10: Prod. date | J10: Exp. date | L10: Status part | M10: OK
A11: =VLOOKUP(F3,'List Part'!$A$5:$G$426,6,0) -> 0 | C11: =VLOOKUP(F3,'List Part'!$A$5:$G$426,7,0) -> 91 | H11: =$A$11 -> 0 | J11: =$C$11 -> 91
A12: F-QC-038. Date/Rev : 22.04.24/01 | H12: F-QC-038. Date/Rev : 22.04.24/01
B14: PT. TEKUN ASAS SUMBER MAKMUR | I14: PT. TEKUN ASAS SUMBER MAKMUR
A15: Customer name | B15: : | C15: =$C$2 -> PT. KAWAI INDONESIA | F15: Code : | H15: Customer name | I15: : | J15: =$C$2 -> PT. KAWAI INDONESIA | M15: Code :
A16: Part no | B16: : | C16: =$C$3 -> 955985 | F16: =$F$3 -> 226 | H16: Part no | I16: : | J16: =$C$3 -> 955985 | M16: =$F$3 -> 226
A17: Part name | B17: : | C17: =$C$4 -> DIN CONNECTOR FITTING | H17: Part name | I17: : | J17: =$C$4 -> DIN CONNECTOR FITTING
A18: Model | B18: : | C18: =$C$5 -> F28235 | H18: Model | I18: : | J18: =$C$5 -> F28235
A19: Delivery date | B19: : | F19: QR code | H19: Delivery date | I19: : | M19: QR code
A20: Berat per pack | B20: : | D20: Kg | H20: Berat per pack | I20: : | K20: Kg
A21: Quantity | B21: : | C21: =$C$8 -> 1000 | D21: Pcs | H21: Quantity | I21: : | J21: =$C$8 -> 1000 | K21: Pcs
A22: Inspector name | B22: : | H22: Inspector name | I22: :
A23: Prod. date | C23: Exp. date | E23: Status part | F23: OK | H23: Prod. date | J23: Exp. date | L23: Status part | M23: OK
A24: =$A$11 -> 0 | C24: =$C$11 -> 91 | H24: =$A$11 -> 0 | J24: =$C$11 -> 91
A25: F-QC-038. Date/Rev : 22.04.24/01 | H25: F-QC-038. Date/Rev : 22.04.24/01
B27: PT. TEKUN ASAS SUMBER MAKMUR | I27: PT. TEKUN ASAS SUMBER MAKMUR
A28: Customer name | B28: : | C28: =$C$2 -> PT. KAWAI INDONESIA | F28: Code : | H28: Customer name | I28: : | J28: =$C$2 -> PT. KAWAI INDONESIA | M28: Code :
A29: Part no | B29: : | C29: =$C$3 -> 955985 | F29: =$F$3 -> 226 | H29: Part no | I29: : | J29: =$C$3 -> 955985 | M29: =$F$3 -> 226
A30: Part name | B30: : | C30: =$C$4 -> DIN CONNECTOR FITTING | H30: Part name | I30: : | J30: =$C$4 -> DIN CONNECTOR FITTING
A31: Model | B31: : | C31: =$C$5 -> F28235 | H31: Model | I31: : | J31: =$C$5 -> F28235
A32: Delivery date | B32: : | F32: QR code | H32: Delivery date | I32: : | M32: QR code
A33: Berat per pack | B33: : | D33: Kg | H33: Berat per pack | I33: : | K33: Kg
A34: Quantity | B34: : | C34: =$C$8 -> 1000 | D34: Pcs | H34: Quantity | I34: : | J34: =$C$8 -> 1000 | K34: Pcs
A35: Inspector name | B35: : | H35: Inspector name | I35: :
A36: Prod. date | C36: Exp. date | E36: Status part | F36: OK | H36: Prod. date | J36: Exp. date | L36: Status part | M36: OK
A37: =$A$11 -> 0 | C37: =$C$11 -> 91 | H37: =$A$11 -> 0 | J37: =$C$11 -> 91
A38: F-QC-038. Date/Rev : 22.04.24/01 | H38: F-QC-038. Date/Rev : 22.04.24/01
B40: PT. TEKUN ASAS SUMBER MAKMUR | I40: PT. TEKUN ASAS SUMBER MAKMUR
A41: Customer name | B41: : | C41: =$C$2 -> PT. KAWAI INDONESIA | F41: Code : | H41: Customer name | I41: : | J41: =$C$2 -> PT. KAWAI INDONESIA | M41: Code :
A42: Part no | B42: : | C42: =$C$3 -> 955985 | F42: =$F$3 -> 226 | H42: Part no | I42: : | J42: =$C$3 -> 955985 | M42: =$F$3 -> 226
A43: Part name | B43: : | C43: =$C$4 -> DIN CONNECTOR FITTING | H43: Part name | I43: : | J43: =$C$4 -> DIN CONNECTOR FITTING
A44: Model | B44: : | C44: =$C$5 -> F28235 | H44: Model | I44: : | J44: =$C$5 -> F28235
A45: Delivery date | B45: : | F45: QR code | H45: Delivery date | I45: : | M45: QR code
A46: Berat per pack | B46: : | D46: Kg | H46: Berat per pack | I46: : | K46: Kg
A47: Quantity | B47: : | C47: =$C$8 -> 1000 | D47: Pcs | H47: Quantity | I47: : | J47: =$C$8 -> 1000 | K47: Pcs
A48: Inspector name | B48: : | H48: Inspector name | I48: :
A49: Prod. date | C49: Exp. date | E49: Status part | F49: OK | H49: Prod. date | J49: Exp. date | L49: Status part | M49: OK
A50: =$A$11 -> 0 | C50: =$C$11 -> 91 | H50: =$A$11 -> 0 | J50: =$C$11 -> 91
A51: F-QC-038. Date/Rev : 22.04.24/01 | H51: F-QC-038. Date/Rev : 22.04.24/01
B53: PT. TEKUN ASAS SUMBER MAKMUR | I53: PT. TEKUN ASAS SUMBER MAKMUR
A54: Customer name | B54: : | C54: =$C$2 -> PT. KAWAI INDONESIA | F54: Code : | H54: Customer name | I54: : | J54: =$C$2 -> PT. KAWAI INDONESIA | M54: Code :
A55: Part no | B55: : | C55: =$C$3 -> 955985 | F55: =$F$3 -> 226 | H55: Part no | I55: : | J55: =$C$3 -> 955985 | M55: =$F$3 -> 226
A56: Part name | B56: : | C56: =$C$4 -> DIN CONNECTOR FITTING | H56: Part name | I56: : | J56: =$C$4 -> DIN CONNECTOR FITTING
A57: Model | B57: : | C57: =$C$5 -> F28235 | H57: Model | I57: : | J57: =$C$5 -> F28235
A58: Delivery date | B58: : | F58: QR code | H58: Delivery date | I58: : | M58: QR code
A59: Berat per pack | B59: : | D59: Kg | H59: Berat per pack | I59: : | K59: Kg
A60: Quantity | B60: : | C60: =$C$8 -> 1000 | D60: Pcs | H60: Quantity | I60: : | J60: =$C$8 -> 1000 | K60: Pcs
A61: Inspector name | B61: : | H61: Inspector name | I61: :
A62: Prod. date | C62: Exp. date | E62: Status part | F62: OK | H62: Prod. date | J62: Exp. date | L62: Status part | M62: OK
A63: =$A$11 -> 0 | C63: =$C$11 -> 91 | H63: =$A$11 -> 0 | J63: =$C$11 -> 91
A64: F-QC-038. Date/Rev : 22.04.24/01 | H64: F-QC-038. Date/Rev : 22.04.24/01

Sheet List Part
A1: LIST PART CUSTOMER
A3: Part Code | B3: Current Part No | C3: Part Description | D3: Customer | E3: Qty/Pack (Pcs) | F3: Prod. Date | G3: Exp. Date | H3: Model | I3: Delivery packaging | N3: Part No lama | O3: Qty sub pack | P3: Metode
I4: Berat Packaging (gram) | J4: Berat per pcs (gram) | K4: Berat total (Kg) | L4: Type Packaging | M4: Ukuran packaging (PxLxT)
A5: 001 | B5: VEN3500 | C5: KEY COVER ARM L PNT 001188 | D5: PT. YMMA | E5: 220 | G5: =F5+91 -> 91 | H5: - | I5: 280 | J5: 26.2 | K5: =(I5+(J5*E5))/1000 -> 6.044 | L5: Cartoon Box S2DW | M5: =VLOOKUP(L5,Packaging!$B$3:$C$21,2,0) -> 290 X 200 X 140 | O5: 5 | P5: Timbang
A6: 002 | B6: VEN3520 | C6: KEY COVER ARM L PNT 001190 | D6: PT. YMMA | E6: 220 | G6: =F6+91 -> 91 | H6: - | I6: 280 | J6: 38.6 | K6: =(I6+(J6*E6))/1000 -> 8.772 | L6: Cartoon Box S2DW | M6: =VLOOKUP(L6,Packaging!$B$3:$C$21,2,0) -> 290 X 200 X 140 | O6: 5 | P6: Timbang
A7: 003 | B7: VEN3510 | C7: KEY COVER ARM R PNT 001188 | D7: PT. YMMA | E7: 220 | G7: =F7+91 -> 91 | H7: - | I7: 280 | J7: 26.2 | K7: =(I7+(J7*E7))/1000 -> 6.044 | L7: Cartoon Box S2DW | M7: =VLOOKUP(L7,Packaging!$B$3:$C$21,2,0) -> 290 X 200 X 140 | O7: 5 | P7: Timbang
A8: 004 | B8: VEN3530 | C8: KEY COVER ARM R PNT 001190 | D8: PT. YMMA | E8: 220 | G8: =F8+91 -> 91 | H8: - | I8: 280 | J8: 38.6 | K8: =(I8+(J8*E8))/1000 -> 8.772 | L8: Cartoon Box S2DW | M8: =VLOOKUP(L8,Packaging!$B$3:$C$21,2,0) -> 290 X 200 X 140 | O8: 5 | P8: Timbang
A9: 005 | B9: VEW5100 | C9: FRONT RAIL PAINTED 000042 | D9: PT. YMMA | E9: 16 | G9: =F9+91 -> 91 | H9: - | I9: 948 | J9: 1650.4 | K9: =(I9+(J9*E9))/1000 -> 27.3544 | L9: Cartoon Box S25DW | M9: =VLOOKUP(L9,Packaging!$B$3:$C$21,2,0) -> 1410 X 165 X 175 | O9: 1 | P9: Timbang
A10: 006 | B10: VAX3500 | C10: SP GRILLE PAINTED 000418 | D10: PT. YMMA | E10: 40 | G10: =F10+91 -> 91 | H10: - | I10: 766 | J10: 170 | K10: =(I10+(J10*E10))/1000 -> 7.566 | L10: Cartoon Box S6DW | M10: =VLOOKUP(L10,Packaging!$B$3:$C$21,2,0) -> 390 X 350 X 280 | O10: 2 | P10: Timbang
A11: 007 | B11: VFV1400 | C11: DCIN ANGLE 001380 | D11: PT. YMMA | E11: 60 | G11: =F11+91 -> 91 | H11: - | I11: 280 | J11: 68.2 | K11: =(I11+(J11*E11))/1000 -> 4.372 | L11: Cartoon Box S2DW | M11: =VLOOKUP(L11,Packaging!$B$3:$C$21,2,0) -> 290 X 200 X 140 | O11: 5 | P11: Timbang
A12: 008 | B12: VEW4650 | C12: BOTTOM 7 PAINTED DE 000041 | D12: PT. YMMA | E12: 20 | G12: =F12+91 -> 91 | H12: - | J12: 5076.8 | K12: =(I12+(J12*E12))/1000 -> 101.536 | L12: TROLLY | M12: =VLOOKUP(L12,Packaging!$B$3:$C$21,2,0) -> 1000 X 880 X 1230 | O12: 1 | P12: Timbang
A13: 009 | B13: VDF9740 | C13: PEDAL PILLAR 000100 | D13: PT. YMMA | E13: 30 | G13: =F13+91 -> 91 | H13: - | I13: 430 | J13: 411 | K13: =(I13+(J13*E13))/1000 -> 12.76 | L13: Cartoon Box S18DW | M13: =VLOOKUP(L13,Packaging!$B$3:$C$21,2,0) -> 560 X 175 X 155 | O13: 1 | P13: Timbang
A14: 010 | B14: VHF3020 | C14: PEDAL PILLAR 000101 | D14: PT. YMMA | E14: 30 | G14: =F14+91 -> 91 | H14: - | I14: 430 | J14: 411 | K14: =(I14+(J14*E14))/1000 -> 12.76 | L14: Cartoon Box S18DW | M14: =VLOOKUP(L14,Packaging!$B$3:$C$21,2,0) -> 560 X 175 X 155 | N14: ZY71610 | O14: 1 | P14: Timbang
A15: 011 | B15: ZK72470 | C15: FOOT BASE BOARD 2 8K48/8N32 | D15: PT. YMMA | E15: 28 | G15: =F15+91 -> 91 | H15: - | I15: 378 | J15: 437.8 | K15: =(I15+(J15*E15))/1000 -> 12.6364 | L15: Cartoon Box S14DW | M15: =VLOOKUP(L15,Packaging!$B$3:$C$21,2,0) -> 400 X 240 X 130 | O15: 2 | P15: Timbang
A16: 012 | B16: VEY8740 | C16: BACK TOE L 001366 | D16: PT. YMMA | E16: 100 | G16: =F16+91 -> 91 | H16: - | I16: 280 | J16: 91 | K16: =(I16+(J16*E16))/1000 -> 9.38 | L16: Cartoon Box S2DW | M16: =VLOOKUP(L16,Packaging!$B$3:$C$21,2,0) -> 290 X 200 X 140 | O16: 5 | P16: Timbang
A17: 013 | B17: VEY8750 | C17: BACK TOE R 001366 | D17: PT. YMMA | E17: 100 | G17: =F17+91 -> 91 | H17: - | I17: 280 | J17: 91 | K17: =(I17+(J17*E17))/1000 -> 9.38 | L17: Cartoon Box S2DW | M17: =VLOOKUP(L17,Packaging!$B$3:$C$21,2,0) -> 290 X 200 X 140 | O17: 5 | P17: Timbang
A18: 014 | B18: VEN3810 | C18: T-BOARD GRILLE ASSY 001188 | D18: PT. YMMA | E18: 20 | G18: =F18+91 -> 91 | H18: - | I18: 580 | J18: 1034 | K18: =(I18+(J18*E18))/1000 -> 21.26 | L18: Cartoon Box S24DW | M18: =VLOOKUP(L18,Packaging!$B$3:$C$21,2,0) -> 1380 X 150 X 80 | O18: 1 | P18: Timbang
A19: 015 | B19: VEN3830 | C19: T-BOARD GRILLE ASSY 001190 | D19: PT. YMMA | E19: 20 | G19: =F19+91 -> 91 | H19: - | I19: 580 | J19: 1034 | K19: =(I19+(J19*E19))/1000 -> 21.26 | L19: Cartoon Box S24DW | M19: =VLOOKUP(L19,Packaging!$B$3:$C$21,2,0) -> 1380 X 150 X 80 | O19: 1 | P19: Timbang
A20: 016 | B20: VEW8810 | C20: AMP BOX PAINTED GP TA3 | D20: PT. YMMA | E20: 12 | G20: =F20+91 -> 91 | H20: - | I20: 766 | J20: 610 | K20: =(I20+(J20*E20))/1000 -> 8.086 | L20: Cartoon Box S6DW | M20: =VLOOKUP(L20,Packaging!$B$3:$C$21,2,0) -> 390 X 350 X 280 | O20: 1 | P20: Timbang
A21: 017 | B21: VGJ1470 | C21: BACK SP GRILLE 001798 | D21: PT. YMMA | E21: 40 | G21: =F21+91 -> 91 | H21: - | I21: 378 | J21: 724 | K21: =(I21+(J21*E21))/1000 -> 29.338 | L21: Cartoon Box S14DW | M21: =VLOOKUP(L21,Packaging!$B$3:$C$21,2,0) -> 400 X 240 X 130 | O21: 4 | P21: Timbang
A22: 018 | B22: VGJ2260 | C22: KEYCOVER ARM L 001798 | D22: PT. YMMA | E22: 360 | G22: =F22+91 -> 91 | H22: - | I22: 280 | J22: 26 | K22: =(I22+(J22*E22))/1000 -> 9.64 | L22: Cartoon Box S2DW | M22: =VLOOKUP(L22,Packaging!$B$3:$C$21,2,0) -> 290 X 200 X 140 | O22: 20 | P22: Timbang
A23: 019 | B23: VGJ2220 | C23: KEYCOVER ARM L PNT 001798 | D23: PT. YMMA | E23: 360 | G23: =F23+91 -> 91 | H23: - | I23: 280 | J23: 26.8 | K23: =(I23+(J23*E23))/1000 -> 9.928 | L23: Cartoon Box S2DW | M23: =VLOOKUP(L23,Packaging!$B$3:$C$21,2,0) -> 290 X 200 X 140 | O23: 5 | P23: Timbang
A24: 020 | B24: VGJ2270 | C24: KEYCOVER ARM R 001798 | D24: PT. YMMA | E24: 360 | G24: =F24+91 -> 91 | H24: - | I24: 280 | J24: 26 | K24: =(I24+(J24*E24))/1000 -> 9.64 | L24: Cartoon Box S2DW | M24: =VLOOKUP(L24,Packaging!$B$3:$C$21,2,0) -> 290 X 200 X 140 | O24: 20 | P24: Timbang
A25: 021 | B25: VGJ2230 | C25: KEYCOVER ARM R PNT 001798 | D25: PT. YMMA | E25: 360 | G25: =F25+91 -> 91 | H25: - | I25: 280 | J25: 26.8 | K25: =(I25+(J25*E25))/1000 -> 9.928 | L25: Cartoon Box S2DW | M25: =VLOOKUP(L25,Packaging!$B$3:$C$21,2,0) -> 290 X 200 X 140 | O25: 5 | P25: Timbang
A26: 022 | B26: VFA1570 | C26: T-BOARD GRILLE ASSY 001380 | D26: PT. YMMA | E26: 20 | G26: =F26+91 -> 91 | H26: - | I26: 1128 | J26: 1076 | K26: =(I26+(J26*E26))/1000 -> 22.648 | L26: NA | M26: =VLOOKUP(L26,Packaging!$B$3:$C$21,2,0) -> #N/A | O26: 1 | P26: Timbang
... A57: 053 | B57: VEW8840 | C57: AMP BRACKET UP TA3 TC3 | D57: PT. YMMA | E57: 20 | G57: =F57+91 -> 91 | H57: - | I57: 280 | J57: 419.2 | K57: =(I57+(J57*E57))/1000 -> 8.664 | L57: Cartoon Box S2DW | M57: =VLOOKUP(L57,Packaging!$B$3:$C$21,2,0) -> 290 X 200 X 140 | O57: 5 | P57: Timbang
A58: 054 | B58: VEW3720 | C58: BOTTOM 6 PAINTED DE 000040 | D58: PT. YMMA | E58: 20 | G58: =F58+91 -> 91 | H58: - | J58: 4152.4 | K58: =(I58+(J58*E58))/1000 -> 83.048 | L58: TROLLY | M58: =VLOOKUP(L58,Packaging!$B$3:$C$21,2,0) -> 1000 X 880 X 1230 | O58: 1 | P58: Timbang
A59: 055 | B59: VEW4000 | C59: PW COVER : | D59: PT. YMMA | E59: 32 | G59: =F59+91 -> 91 | H59: - | I59: 280 | J59: 110 | K59: =(I59+(J59*E59))/1000 -> 3.8 | L59: Cartoon Box S2DW | M59: =VLOOKUP(L59,Packaging!$B$3:$C$21,2,0) -> 290 X 200 X 140 | O59: 2 | P59: Timbang
A60: 056 | B60: VFG0380 | C60: BOTTOMCASE PAINTED SC3 TC3 BK | D60: PT. YMMA | E60: 9 | G60: =F60+91 -> 91 | H60: - | I60: 278 | J60: 332.2 | K60: =(I60+(J60*E60))/1000 -> 3.2678 | L60: Cartoon Box S1DW | M60: =VLOOKUP(L60,Packaging!$B$3:$C$21,2,0) -> 360 X 270 X 128 | O60: 1 | P60: Timbang
A61: 057 | B61: ZC05400 | C61: BACK TOP RAIL ANGLE 1.6 L : | D61: PT. YMMA | E61: 250 | G61: =F61+91 -> 91 | H61: - | I61: 280 | J61: 87.4 | K61: =(I61+(J61*E61))/1000 -> 22.13 | L61: Cartoon Box S2DW | M61: =VLOOKUP(L61,Packaging!$B$3:$C$21,2,0) -> 290 X 200 X 140 | O61: 50 | P61: Timbang
A62: 058 | B62: VFU1430 | C62: BOTTOMCASE H PAINTED BK 208EX EN55035 | D62: PT. YMMA | E62: 9 | G62: =F62+91 -> 91 | H62: - | I62: 278 | J62: 320 | K62: =(I62+(J62*E62))/1000 -> 3.158 | L62: Cartoon Box S1DW | M62: =VLOOKUP(L62,Packaging!$B$3:$C$21,2,0) -> 360 X 270 X 128 | N62: ZZ34950 | O62: 1 | P62: Timbang
A63: 059 | B63: VFJ2870 | C63: DC IN HOLDER 16V | D63: PT. YMMA | E63: 600 | G63: =F63+91 -> 91 | H63: - | I63: 280 | J63: 8.4 | K63: =(I63+(J63*E63))/1000 -> 5.32 | L63: Cartoon Box S2DW | M63: =VLOOKUP(L63,Packaging!$B$3:$C$21,2,0) -> 290 X 200 X 140 | O63: 150 | P63: Timbang
A64: 060 | B64: ZA88910 | C64: PAD ANGLE #3237 | D64: PT. YMMA | E64: 400 | G64: =F64+91 -> 91 | H64: - | I64: 278 | J64: 12.4 | K64: =(I64+(J64*E64))/1000 -> 5.238 | L64: Cartoon Box S1DW | M64: =VLOOKUP(L64,Packaging!$B$3:$C$21,2,0) -> 360 X 270 X 128 | O64: 50 | P64: Timbang
A65: 061 | B65: ZE26620 | C65: GRAND METAL HAJK 8I55 | D65: PT. YMMA | E65: 600 | G65: =F65+91 -> 91 | H65: - | I65: 280 | J65: 7.8 | K65: =(I65+(J65*E65))/1000 -> 4.96 | L65: Cartoon Box S2DW | M65: =VLOOKUP(L65,Packaging!$B$3:$C$21,2,0) -> 290 X 200 X 140 | O65: 150 | P65: Timbang
A66: 062 | B66: ZC33270 | C66: AC ADAPTOR COVER #3238 | D66: PT. YMMA | E66: 30 | G66: =F66+91 -> 91 | H66: - | I66: 278 | J66: 124.4 | K66: =(I66+(J66*E66))/1000 -> 4.01 | L66: Cartoon Box S1DW | M66: =VLOOKUP(L66,Packaging!$B$3:$C$21,2,0) -> 360 X 270 X 128 | O66: 1 | P66: Timbang
A67: 063 | B67: ZC11150 | C67: HOLDER #3238 | D67: PT. YMMA | E67: 1000 | G67: =F67+91 -> 91 | H67: - | I67: 280 | J67: 10 | K67: =(I67+(J67*E67))/1000 -> 10.28 | L67: Cartoon Box S2DW | M67: =VLOOKUP(L67,Packaging!$B$3:$C$21,2,0) -> 290 X 200 X 140 | O67: 10 | P67: Timbang
A68: 064 | B68: VEN3280 | C68: SIDE BOARD ANGLE L 001188 | D68: PT. YMMA | E68: 30 | G68: =F68+91 -> 91 | H68: - | I68: 430 | J68: 333.6 | K68: =(I68+(J68*E68))/1000 -> 10.438 | L68: Cartoon Box S18DW | M68: =VLOOKUP(L68,Packaging!$B$3:$C$21,2,0) -> 560 X 175 X 155 | O68: 5 | P68: Timbang
A69: 065 | B69: VEN3290 | C69: SIDE BOARD ANGLE R 001188 | D69: PT. YMMA | E69: 30 | G69: =F69+91 -> 91 | H69: - | I69: 430 | J69: 333.6 | K69: =(I69+(J69*E69))/1000 -> 10.438 | L69: Cartoon Box S18DW | M69: =VLOOKUP(L69,Packaging!$B$3:$C$21,2,0) -> 560 X 175 X 155 | O69: 5 | P69: Timbang
A70: 066 | B70: VEN4160 | C70: BACK SP GRILLE 001188 | D70: PT. YMMA | E70: 100 | G70: =F70+91 -> 91 | H70: - | I70: 278 | J70: 36 | K70: =(I70+(J70*E70))/1000 -> 3.878 | L70: Cartoon Box S1DW | M70: =VLOOKUP(L70,Packaging!$B$3:$C$21,2,0) -> 360 X 270 X 128 | O70: 4 | P70: Timbang
A71: 067 | B71: VEF9530 | C71: U FR BOARD SILL ANGLE 001191 | D71: PT. YMMA | E71: 20 | G71: =F71+91 -> 91 | H71: - | I71: 580 | J71: 952.4 | K71: =(I71+(J71*E71))/1000 -> 19.628 | L71: Cartoon Box S24DW | M71: =VLOOKUP(L71,Packaging!$B$3:$C$21,2,0) -> 1380 X 150 X 80 | O71: 20 | P71: Timbang
A72: 068 | B72: ZX76300 | C72: DM SUPPORT ANGLE 1.0 : : | D72: PT. YMMA | E72: 1000 | G72: =F72+91 -> 91 | H72: - | I72: 280 | J72: 1.6 | K72: =(I72+(J72*E72))/1000 -> 1.88 | L72: Cartoon Box S2DW | M72: =VLOOKUP(L72,Packaging!$B$3:$C$21,2,0) -> 290 X 200 X 140 | O72: 250 | P72: Timbang
A73: 069 | B73: ZY24860 | C73: PANEL SIDE ANGLE : : : | D73: PT. YMMA | E73: 500 | G73: =F73+91 -> 91 | H73: - | I73: 280 | J73: 25 | K73: =(I73+(J73*E73))/1000 -> 12.78 | L73: Cartoon Box S2DW | M73: =VLOOKUP(L73,Packaging!$B$3:$C$21,2,0) -> 290 X 200 X 140 | O73: 50 | P73: Timbang
A74: 070 | B74: ZY18460 | C74: PW TOP COVER DE 000035 | D74: PT. YMMA | E74: 170 | G74: =F74+91 -> 91 | H74: - | I74: 244 | J74: 52.8 | K74: =(I74+(J74*E74))/1000 -> 9.22 | L74: Cartoon Box S23DW | M74: =VLOOKUP(L74,Packaging!$B$3:$C$21,2,0) -> 290 X 200 X 100 | O74: 10 | P74: Timbang
... A78: 074 | B78: VDH3130 | C78: SP GRILLE PAINTED 000760 | D78: PT. YMMA | E78: 36 | G78: =F78+91 -> 91 | H78: - | I78: 766 | J78: 198.8 | K78: =(I78+(J78*E78))/1000 -> 7.9228 | L78: Cartoon Box S6DW | M78: =VLOOKUP(L78,Packaging!$B$3:$C$21,2,0) -> 390 X 350 X 280 | O78: 2 | P78: Timbang
A79: 075 | B79: VHF3180 | C79: SP GRILLE PAINTED 000761 | D79: PT. YMMA | E79: 36 | G79: =F79+91 -> 91 | H79: - | I79: 766 | J79: 198.8 | K79: =(I79+(J79*E79))/1000 -> 7.9228 | L79: Cartoon Box S6DW | M79: =VLOOKUP(L79,Packaging!$B$3:$C$21,2,0) -> 390 X 350 X 280 | N79: VDH3140 | O79: 2 | P79: Timbang
A80: 076 | B80: ZZ50780 | C80: SP GRILLE PAINTED 000125 | D80: PT. YMMA | E80: 54 | G80: =F80+91 -> 91 | H80: - | I80: 766 | J80: 128 | K80: =(I80+(J80*E80))/1000 -> 7.678 | L80: Cartoon Box S6DW | M80: =VLOOKUP(L80,Packaging!$B$3:$C$21,2,0) -> 390 X 350 X 280 | O80: 2 | P80: Timbang
A81: 077 | B81: ZZ50790 | C81: SP GRILLE PAINTED 000126 | D81: PT. YMMA | E81: 54 | G81: =F81+91 -> 91 | H81: - | I81: 766 | J81: 128 | K81: =(I81+(J81*E81))/1000 -> 7.678 | L81: Cartoon Box S6DW | M81: =VLOOKUP(L81,Packaging!$B$3:$C$21,2,0) -> 390 X 350 X 280 | O81: 2 | P81: Timbang
A82: 078 | B82: VGV6160 | C82: SP GRILLE PAINTED 001592 | D82: PT. YMMA | E82: 54 | G82: =F82+91 -> 91 | H82: - | I82: 766 | J82: 128 | K82: =(I82+(J82*E82))/1000 -> 7.678 | L82: Cartoon Box S6DW | M82: =VLOOKUP(L82,Packaging!$B$3:$C$21,2,0) -> 390 X 350 X 280 | O82: 2 | P82: Timbang
A83: 079 | B83: ZA76980 | C83: DM ANGLE #3238 | D83: PT. YMMA | E83: 300 | G83: =F83+91 -> 91 | H83: - | I83: 280 | J83: 22 | K83: =(I83+(J83*E83))/1000 -> 6.88 | L83: Cartoon Box S2DW | M83: =VLOOKUP(L83,Packaging!$B$3:$C$21,2,0) -> 290 X 200 X 140 | O83: 30 | P83: Timbang
A84: 080 | B84: VAY6540 | C84: PW TOP COVER DE 000525 | D84: PT. YMMA | E84: 100 | G84: =F84+91 -> 91 | H84: - | I84: 280 | J84: 110 | K84: =(I84+(J84*E84))/1000 -> 11.28 | L84: Cartoon Box S2DW | M84: =VLOOKUP(L84,Packaging!$B$3:$C$21,2,0) -> 290 X 200 X 140 | O84: 5 | P84: Timbang
A85: 081 | B85: VAP5720 | C85: ANGLE AT 000133 | D85: PT. YMMA | E85: 1000 | G85: =F85+91 -> 91 | H85: - | I85: 280 | J85: 10 | K85: =(I85+(J85*E85))/1000 -> 10.28 | L85: Cartoon Box S2DW | M85: =VLOOKUP(L85,Packaging!$B$3:$C$21,2,0) -> 290 X 200 X 140 | O85: 25 | P85: Timbang
A86: 082 | B86: VCR3110 | C86: SP GRILLE PAINTED 000707 | D86: PT. YMMA | E86: 400 | G86: =F86+91 -> 91 | H86: - | I86: 280 | J86: 21 | K86: =(I86+(J86*E86))/1000 -> 8.68 | L86: Cartoon Box S2DW | M86: =VLOOKUP(L86,Packaging!$B$3:$C$21,2,0) -> 290 X 200 X 140 | O86: 10 | P86: Timbang
A87: 083 | B87: ZY25070 | C87: CONNECT ANGLE 7 : : : | D87: PT. YMMA | E87: 200 | G87: =F87+91 -> 91 | H87: - | I87: 278 | J87: 33.8 | K87: =(I87+(J87*E87))/1000 -> 7.038 | L87: Cartoon Box S1DW | M87: =VLOOKUP(L87,Packaging!$B$3:$C$21,2,0) -> 360 X 270 X 128 | O87: 10 | P87: Timbang
A88: 084 | B88: ZY25080 | C88: CONNECT ANGLE 8 : : : | D88: PT. YMMA | E88: 200 | G88: =F88+91 -> 91 | H88: - | I88: 278 | J88: 40 | K88: =(I88+(J88*E88))/1000 -> 8.278 | L88: Cartoon Box S1DW | M88: =VLOOKUP(L88,Packaging!$B$3:$C$21,2,0) -> 360 X 270 X 128 | O88: 10 | P88: Timbang
A89: 085 | B89: VHG4100 | C89: SP GRILLE PAINTED #3668 | D89: PT. YMMA | E89: 150 | G89: =F89+91 -> 91 | H89: - | I89: 280 | J89: 32 | K89: =(I89+(J89*E89))/1000 -> 5.08 | L89: Cartoon Box S2DW | M89: =VLOOKUP(L89,Packaging!$B$3:$C$21,2,0) -> 290 X 200 X 140 | N89: VCN8340 | O89: 10 | P89: Timbang
A90: 086 | B90: VCN8330 | C90: SP GRILLE PAINTED 000136 | D90: PT. YMMA | E90: 150 | G90: =F90+91 -> 91 | H90: - | I90: 280 | J90: 45 | K90: =(I90+(J90*E90))/1000 -> 7.03 | L90: Cartoon Box S2DW | M90: =VLOOKUP(L90,Packaging!$B$3:$C$21,2,0) -> 290 X 200 X 140 | O90: 10 | P90: Timbang
A91: 087 | B91: ZZ00770 | C91: PW SHIELD COVER DE 000035 | D91: PT. YMMA | E91: 96 | G91: =F91+91 -> 91 | H91: - | I91: 278 | J91: 118 | K91: =(I91+(J91*E91))/1000 -> 11.606 | L91: Cartoon Box S1DW | M91: =VLOOKUP(L91,Packaging!$B$3:$C$21,2,0) -> 360 X 270 X 128 | O91: 8 | P91: Timbang
A92: 088 | B92: ZZ55220 | C92: SIDE PAD ANGLE LW 000125 | D92: PT. YMMA | E92: 200 | G92: =F92+91 -> 91 | H92: - | I92: 280 | J92: 90 | K92: =(I92+(J92*E92))/1000 -> 18.28 | L92: Cartoon Box S2DW | M92: =VLOOKUP(L92,Packaging!$B$3:$C$21,2,0) -> 290 X 200 X 140 | O92: 20 | P92: Timbang
A93: 089 | B93: ZZ42290 | C93: SP GRILLE WO PAINTED 000106 | D93: PT. YMMA | E93: 32 | G93: =F93+91 -> 91 | H93: - | I93: 766 | J93: 126.6 | K93: =(I93+(J93*E93))/1000 -> 4.8172 | L93: Cartoon Box S6DW | M93: =VLOOKUP(L93,Packaging!$B$3:$C$21,2,0) -> 390 X 350 X 280 | O93: 2 | P93: Timbang
A94: 090 | B94: ZW29660 | C94: MUSIC REST ANGLE #3641 | D94: PT. YMMA | E94: 300 | G94: =F94+91 -> 91 | H94: - | I94: 280 | J94: 46.6 | K94: =(I94+(J94*E94))/1000 -> 14.26 | L94: Cartoon Box S23DW | M94: =VLOOKUP(L94,Packaging!$B$3:$C$21,2,0) -> 290 X 200 X 100 | O94: 25 | P94: Timbang
A95: 091 | B95: VHF3040 | C95: MUSIC REST ANGLE #3670 WHITE | D95: PT. YMMA | E95: 300 | G95: =F95+91 -> 91 | H95: - | I95: 280 | J95: 46.6 | K95: =(I95+(J95*E95))/1000 -> 14.26 | L95: Cartoon Box S23DW | M95: =VLOOKUP(L95,Packaging!$B$3:$C$21,2,0) -> 290 X 200 X 100 | N95: ZW76490 | O95: 25 | P95: Timbang
A96: 092 | B96: ZS78030 | C96: FRONT PANEL PAINTED 8R36 | D96: PT. YMMA | E96: 12 | G96: =F96+91 -> 91 | H96: - | I96: 430 | J96: 419.6 | K96: =(I96+(J96*E96))/1000 -> 5.4652 | L96: Cartoon Box S18DW | M96: =VLOOKUP(L96,Packaging!$B$3:$C$21,2,0) -> 560 X 175 X 155 | O96: 1 | P96: Timbang
A97: 093 | B97: WW02410 | C97: H.P PLATE : | D97: PT. YMMA | E97: 240 | G97: =F97+91 -> 91 | H97: - | I97: 280 | J97: 14.8 | K97: =(I97+(J97*E97))/1000 -> 3.832 | L97: Cartoon Box S2DW | M97: =VLOOKUP(L97,Packaging!$B$3:$C$21,2,0) -> 290 X 200 X 140 | O97: 10 | P97: Timbang
A98: 094 | B98: ZW36790 | C98: ROD HOLDER L #3641 | D98: PT. YMMA | E98: 600 | G98: =F98+91 -> 91 | H98: - | I98: 280 | J98: 20 | K98: =(I98+(J98*E98))/1000 -> 12.28 | L98: Cartoon Box S2DW | M98: =VLOOKUP(L98,Packaging!$B$3:$C$21,2,0) -> 290 X 200 X 140 | O98: 100 | P98: Timbang
A99: 095 | B99: ZW36800 | C99: ROD HOLDER R #3641 | D99: PT. YMMA | E99: 600 | G99: =F99+91 -> 91 | H99: - | I99: 280 | J99: 20 | K99: =(I99+(J99*E99))/1000 -> 12.28 | L99: Cartoon Box S2DW | M99: =VLOOKUP(L99,Packaging!$B$3:$C$21,2,0) -> 290 X 200 X 140 | O99: 100 | P99: Timbang
A100: 096 | B100: ZV95540 | C100: KEY STOP ANGLE #3631 | D100: PT. YMMA | E100: 1000 | G100: =F100+91 -> 91 | H100: - | I100: 280 | J100: 8.6 | K100: =(I100+(J100*E100))/1000 -> 8.88 | L100: Cartoon Box S2DW | M100: =VLOOKUP(L100,Packaging!$B$3:$C$21,2,0) -> 290 X 200 X 140 | O100: 250 | P100: Timbang
A101: 097 | B101: ZV33230 | C101: KEY STOP ANGLE #3635 | D101: PT. YMMA | E101: 1000 | G101: =F101+91 -> 91 | H101: - | I101: 280 | J101: 14 | K101: =(I101+(J101*E101))/1000 -> 14.28 | L101: Cartoon Box S2DW | M101: =VLOOKUP(L101,Packaging!$B$3:$C$21,2,0) -> 290 X 200 X 140 | O101: 250 | P101: Timbang
A102: 098 | B102: ZW54950 | C102: KEYCOVER ARM L PNT #3635 | D102: PT. YMMA | E102: 90 | G102: =F102+91 -> 91 | H102: - | I102: 280 | J102: 36 | K102: =(I102+(J102*E102))/1000 -> 3.52 | L102: Cartoon Box S2DW | M102: =VLOOKUP(L102,Packaging!$B$3:$C$21,2,0) -> 290 X 200 X 140 | O102: 10 | P102: Timbang
A103: 099 | B103: ZW54960 | C103: KEYCOVER ARM R PNT #3635 | D103: PT. YMMA | E103: 90 | G103: =F103+91 -> 91 | H103: - | I103: 280 | J103: 36 | K103: =(I103+(J103*E103))/1000 -> 3.52 | L103: Cartoon Box S2DW | M103: =VLOOKUP(L103,Packaging!$B$3:$C$21,2,0) -> 290 X 200 X 140 | O103: 10 | P103: Timbang
A104: 100 | B104: ZW54980 | C104: KEYCOVER ARM L #3635 | D104: PT. YMMA | E104: 90 | G104: =F104+91 -> 91 | H104: - | I104: 280 | J104: 34.4 | K104: =(I104+(J104*E104))/1000 -> 3.376 | L104: Cartoon Box S2DW | M104: =VLOOKUP(L104,Packaging!$B$3:$C$21,2,0) -> 290 X 200 X 140 | O104: 10 | P104: Timbang
A105: 101 | B105: ZW54990 | C105: KEYCOVER ARM R #3635 | D105: PT. YMMA | E105: 90 | G105: =F105+91 -> 91 | H105: - | I105: 280 | J105: 34.4 | K105: =(I105+(J105*E105))/1000 -> 3.376 | L105: Cartoon Box S2DW | M105: =VLOOKUP(L105,Packaging!$B$3:$C$21,2,0) -> 290 X 200 X 140 | O105: 10 | P105: Timbang
A106: 102 | B106: ZH66590 | C106: L ANGLE L #3352 | D106: PT. YMMA | E106: 450 | G106: =F106+91 -> 91 | H106: - | I106: 244 | J106: 44 | K106: =(I106+(J106*E106))/1000 -> 20.044 | L106: Cartoon Box S23DW | M106: =VLOOKUP(L106,Packaging!$B$3:$C$21,2,0) -> 290 X 200 X 100 | O106: 25 | P106: Timbang
A107: 103 | B107: ZH66600 | C107: L ANGLE R #3352 | D107: PT. YMMA | E107: 450 | G107: =F107+91 -> 91 | H107: - | I107: 244 | J107: 44 | K107: =(I107+(J107*E107))/1000 -> 20.044 | L107: Cartoon Box S23DW | M107: =VLOOKUP(L107,Packaging!$B$3:$C$21,2,0) -> 290 X 200 X 100 | O107: 25 | P107: Timbang
... A110: 106 | B110: VCX3650 | C110: SP GRILLE L PAINTED 000139 | D110: PT. YMMA | E110: 68 | G110: =F110+91 -> 91 | H110: - | I110: 766 | J110: 163.6 | K110: =(I110+(J110*E110))/1000 -> 11.8908 | L110: Cartoon Box S6DW | M110: =VLOOKUP(L110,Packaging!$B$3:$C$21,2,0) -> 390 X 350 X 280 | O110: 2 | P110: Timbang
A111: 107 | B111: VHF3160 | C111: SP GRILLE L PAINTED 000140 | D111: PT. YMMA | E111: 68 | G111: =F111+91 -> 91 | H111: - | I111: 766 | J111: 163.6 | K111: =(I111+(J111*E111))/1000 -> 11.8908 | L111: Cartoon Box S6DW | M111: =VLOOKUP(L111,Packaging!$B$3:$C$21,2,0) -> 390 X 350 X 280 | N111: VCX3660 | O111: 2 | P111: Timbang
A112: 108 | B112: VCX3670 | C112: SP GRILLE R PAINTED 000139 | D112: PT. YMMA | E112: 68 | G112: =F112+91 -> 91 | H112: - | I112: 766 | J112: 163.6 | K112: =(I112+(J112*E112))/1000 -> 11.8908 | L112: Cartoon Box S6DW | M112: =VLOOKUP(L112,Packaging!$B$3:$C$21,2,0) -> 390 X 350 X 280 | O112: 2 | P112: Timbang
A113: 109 | B113: VHF3170 | C113: SP GRILLE R PAINTED 000140 | D113: PT. YMMA | E113: 68 | G113: =F113+91 -> 91 | H113: - | I113: 766 | J113: 163.6 | K113: =(I113+(J113*E113))/1000 -> 11.8908 | L113: Cartoon Box S6DW | M113: =VLOOKUP(L113,Packaging!$B$3:$C$21,2,0) -> 390 X 350 X 280 | N113: VCX3680 | O113: 2 | P113: Timbang
A114: 110 | B114: VAH3850 | C114: FRONT LEG ANGLE L 000136 | D114: PT. YMMA | E114: 36 | G114: =F114+91 -> 91 | H114: - | I114: 280 | J114: 308.2 | K114: =(I114+(J114*E114))/1000 -> 11.3752 | L114: Cartoon Box S2DW | M114: =VLOOKUP(L114,Packaging!$B$3:$C$21,2,0) -> 290 X 200 X 140 | O114: 1 | P114: Timbang
A115: 111 | B115: VAH3860 | C115: FRONT LEG ANGLE R 000136 | D115: PT. YMMA | E115: 36 | G115: =F115+91 -> 91 | H115: - | I115: 280 | J115: 308.2 | K115: =(I115+(J115*E115))/1000 -> 11.3752 | L115: Cartoon Box S2DW | M115: =VLOOKUP(L115,Packaging!$B$3:$C$21,2,0) -> 290 X 200 X 140 | O115: 1 | P115: Timbang
A116: 112 | B116: VJ90760 | C116: SP BOX FITTING PLATE 1.6 C | D116: PT. YMMA | E116: 180 | G116: =F116+91 -> 91 | H116: - | I116: 378 | J116: 92 | K116: =(I116+(J116*E116))/1000 -> 16.938 | L116: Cartoon Box S14DW | M116: =VLOOKUP(L116,Packaging!$B$3:$C$21,2,0) -> 400 X 240 X 130 | O116: 30 | P116: Timbang
A117: 113 | B117: ZF65100 | C117: JACK HOLDER 8N42 : | D117: PT. YMMA | E117: 500 | G117: =F117+91 -> 91 | H117: - | I117: 280 | J117: 17.4 | K117: =(I117+(J117*E117))/1000 -> 8.98 | L117: Cartoon Box S2DW | M117: =VLOOKUP(L117,Packaging!$B$3:$C$21,2,0) -> 290 X 200 X 140 | O117: 100 | P117: Timbang
A118: 114 | B118: ZC99740 | C118: PORT GRILLE(PAINTED) SEMI GROSS BLACK | D118: PT. YMMA | E118: 1000 | G118: =F118+91 -> 91 | H118: - | I118: 280 | J118: 7.2 | K118: =(I118+(J118*E118))/1000 -> 7.48 | L118: Cartoon Box S2DW | M118: =VLOOKUP(L118,Packaging!$B$3:$C$21,2,0) -> 290 X 200 X 140 | O118: 50 | P118: Timbang
A119: 115 | B119: ZS23990 | C119: REAR PANEL ANGLE 1.6 C : | D119: PT. YMMA | E119: 300 | G119: =F119+91 -> 91 | H119: - | I119: 280 | J119: 15 | K119: =(I119+(J119*E119))/1000 -> 4.78 | L119: Cartoon Box S2DW | M119: =VLOOKUP(L119,Packaging!$B$3:$C$21,2,0) -> 290 X 200 X 140 | O119: 20 | P119: Timbang
A120: 116 | B120: ZF64890 | C120: SWITCH CRUCH A PAINT 8N42 : | D120: PT. YMMA | E120: 112 | G120: =F120+91 -> 91 | H120: - | I120: 280 | J120: 93 | K120: =(I120+(J120*E120))/1000 -> 10.696 | L120: Cartoon Box S2DW | M120: =VLOOKUP(L120,Packaging!$B$3:$C$21,2,0) -> 290 X 200 X 140 | O120: 1 | P120: Timbang
A121: 117 | B121: ZF64900 | C121: SWITCH CRUCH B PAINT 8N42 : | D121: PT. YMMA | E121: 300 | G121: =F121+91 -> 91 | H121: - | I121: 244 | J121: 28 | K121: =(I121+(J121*E121))/1000 -> 8.644 | L121: Cartoon Box S23DW | M121: =VLOOKUP(L121,Packaging!$B$3:$C$21,2,0) -> 290 X 200 X 100 | O121: 10 | P121: Timbang
A122: 118 | B122: ZJ20370 | C122: CUSHION FRAME 8N36 | D122: PT. YMMA | E122: 8 | G122: =F122+91 -> 91 | H122: - | I122: 378 | J122: 388.2 | K122: =(I122+(J122*E122))/1000 -> 3.4836 | L122: Cartoon Box S14DW | M122: =VLOOKUP(L122,Packaging!$B$3:$C$21,2,0) -> 400 X 240 X 130 | O122: 2 | P122: Timbang
A123: 119 | B123: ZC03810 | C123: ANGLE YT #3235 | D123: PT. YMMA | E123: 1000 | G123: =F123+91 -> 91 | H123: - | I123: 280 | J123: 10.2 | K123: =(I123+(J123*E123))/1000 -> 10.48 | L123: Cartoon Box S2DW | M123: =VLOOKUP(L123,Packaging!$B$3:$C$21,2,0) -> 290 X 200 X 140 | O123: 100 | P123: Timbang
A124: 120 | B124: ZJ93200 | C124: SUPPORT PLATE L PAIN 8N36 | D124: PT. YMMA | E124: 80 | G124: =F124+91 -> 91 | H124: - | I124: 280 | J124: 92.14 | K124: =(I124+(J124*E124))/1000 -> 7.6512 | L124: Cartoon Box S2DW | M124: =VLOOKUP(L124,Packaging!$B$3:$C$21,2,0) -> 290 X 200 X 140 | O124: 10 | P124: Timbang
A125: 121 | B125: ZJ93190 | C125: SUPPORT PLATE R PAIN 8N36 | D125: PT. YMMA | E125: 80 | G125: =F125+91 -> 91 | H125: - | I125: 280 | J125: 91.6 | K125: =(I125+(J125*E125))/1000 -> 7.608 | L125: Cartoon Box S2DW | M125: =VLOOKUP(L125,Packaging!$B$3:$C$21,2,0) -> 290 X 200 X 140 | O125: 10 | P125: Timbang
... A133: 129 | B133: WY45040 | C133: FRONT LEG ANGLE R CL #3212 B | D133: PT. YMMA | E133: 40 | G133: =F133+91 -> 91 | H133: - | I133: 378 | J133: 422.8 | K133: =(I133+(J133*E133))/1000 -> 17.29 | L133: Cartoon Box S14DW | M133: =VLOOKUP(L133,Packaging!$B$3:$C$21,2,0) -> 400 X 240 X 130 | O133: 1 | P133: Timbang
A134: 130 | B134: VHG3710 | C134: TOP STOPPER FINISHED #3522 | D134: PT. YMMA | E134: 1000 | G134: =F134+91 -> 91 | H134: - | I134: 280 | J134: 33.6 | K134: =(I134+(J134*E134))/1000 -> 33.88 | L134: Cartoon Box S2DW | M134: =VLOOKUP(L134,Packaging!$B$3:$C$21,2,0) -> 290 X 200 X 140 | N134: ZF56390 | O134: 20 | P134: Timbang
A135: 131 | B135: WH49680 | C135: TOP STOPPER FINISHED CLP-265GP | D135: PT. YMMA | E135: 1000 | G135: =F135+91 -> 91 | H135: - | I135: 280 | J135: 23.6 | K135: =(I135+(J135*E135))/1000 -> 23.88 | L135: Cartoon Box S2DW | M135: =VLOOKUP(L135,Packaging!$B$3:$C$21,2,0) -> 290 X 200 X 140 | O135: 25 | P135: Timbang
A136: 132 | B136: WH49690 | C136: TOP STOPPER WORKED | D136: PT. YMMA | E136: 1000 | G136: =F136+91 -> 91 | H136: - | I136: 280 | J136: 21.6 | K136: =(I136+(J136*E136))/1000 -> 21.88 | L136: Cartoon Box S2DW | M136: =VLOOKUP(L136,Packaging!$B$3:$C$21,2,0) -> 290 X 200 X 140 | O136: 25 | P136: Timbang
A137: 133 | B137: ZH81920 | C137: GRILLE STAY #3585 | D137: PT. YMMA | E137: 250 | G137: =F137+91 -> 91 | H137: - | I137: 280 | J137: 62.4 | K137: =(I137+(J137*E137))/1000 -> 15.88 | L137: Cartoon Box S2DW | M137: =VLOOKUP(L137,Packaging!$B$3:$C$21,2,0) -> 290 X 200 X 140 | O137: 25 | P137: Timbang
A138: 134 | B138: V913990 | C138: BACK TOP RAIL ANGLE(B) CVP-900 | D138: PT. YMMA | E138: 1000 | G138: =F138+91 -> 91 | H138: - | I138: 280 | J138: 10.8 | K138: =(I138+(J138*E138))/1000 -> 11.08 | L138: Cartoon Box S2DW | M138: =VLOOKUP(L138,Packaging!$B$3:$C$21,2,0) -> 290 X 200 X 140 | O138: 20 | P138: Timbang
A139: 135 | B139: WR45660 | C139: NST ANGLE(L) 2 Z | D139: PT. YMMA | E139: 450 | G139: =F139+91 -> 91 | H139: - | I139: 244 | J139: 40.8 | K139: =(I139+(J139*E139))/1000 -> 18.604 | L139: Cartoon Box S23DW | M139: =VLOOKUP(L139,Packaging!$B$3:$C$21,2,0) -> 290 X 200 X 100 | O139: 25 | P139: Timbang
A140: 136 | B140: WR45670 | C140: NST ANGLE(R) 2 Z | D140: PT. YMMA | E140: 450 | G140: =F140+91 -> 91 | H140: - | I140: 244 | J140: 40.8 | K140: =(I140+(J140*E140))/1000 -> 18.604 | L140: Cartoon Box S23DW | M140: =VLOOKUP(L140,Packaging!$B$3:$C$21,2,0) -> 290 X 200 X 100 | O140: 25 | P140: Timbang
A141: 137 | B141: V914000 | C141: BACK TOP RAIL ANGLE© CVP-900 | D141: PT. YMMA | E141: 1000 | G141: =F141+91 -> 91 | H141: - | I141: 280 | J141: 101.8 | K141: =(I141+(J141*E141))/1000 -> 102.08 | L141: Cartoon Box S2DW | M141: =VLOOKUP(L141,Packaging!$B$3:$C$21,2,0) -> 290 X 200 X 140 | O141: 10 | P141: Timbang
A142: 138 | B142: WQ92850 | C142: CLAMP FRAME 8J58 | D142: PT. YMMA | E142: 56 | G142: =F142+91 -> 91 | H142: - | I142: 280 | J142: 72 | K142: =(I142+(J142*E142))/1000 -> 4.312 | L142: Cartoon Box S2DW | M142: =VLOOKUP(L142,Packaging!$B$3:$C$21,2,0) -> 290 X 200 X 140 | O142: 7 | P142: Timbang
A143: 139 | B143: WJ02950 | C143: EARTH PLATE | D143: PT. YMMA | E143: 2000 | G143: =F143+91 -> 91 | H143: - | I143: 280 | J143: 0.2 | K143: =(I143+(J143*E143))/1000 -> 0.68 | L143: Cartoon Box S2DW | M143: =VLOOKUP(L143,Packaging!$B$3:$C$21,2,0) -> 290 X 200 X 140 | O143: 100 | P143: Timbang
...

Sheet Packaging
A2: No | B2: Type Packaging | C2: Ukuran packaging (P x L x T) | D2: BERAT BOX
A3: 1 | B3: Cartoon Box S1DW | C3: 360 X 270 X 128 | D3: 278
A4: 2 | B4: Cartoon Box S2DW | C4: 290 X 200 X 140 | D4: 280
A5: 3 | B5: Cartoon Box S3DW | C5: 280 X 90 X 150 | D5: 134
A6: 4 | B6: Cartoon Box S4DW | C6: 230 X 90 X 180 | D6: 172
A7: 5 | B7: Cartoon Box S6DW | C7: 390 X 350 X 280 | D7: 766
A8: 6 | B8: Cartoon Box S7W | C8: 620 X 120 X 150 | D8: 157
A9: 7 | B9: Cartoon Box S14DW | C9: 400 X 240 X 130 | D9: 378
A10: 8 | B10: Cartoon Box S18DW | C10: 560 X 175 X 155 | D10: 430
A11: 9 | B11: Cartoon Box S20DW | C11: 485 X 356 X 289 | D11: 494
A12: 10 | B12: Cartoon Box S21DW | C12: 810 X 160 X180 | D12: 556
A13: 11 | B13: Cartoon Box S22DW | C13: 455 X 445 X 375 | D13: 1216
A14: 12 | B14: Cartoon Box S23DW | C14: 290 X 200 X 100 | D14: 244
... A17: 15 | B17: Cartoon Box S26DW | C17: 1200 X 190 X 250 | D17: 1040
A18: 16 | B18: TROLLY | C18: 1000 X 880 X 1230
A19: 17 | B19: Box SII | C19: 1460 X 200 X 160

Sheet clean_list_part
A1: LIST PART CUSTOMER
A4: Part Code | B4: Current Part No | C4: Part Description | D4: Customer | E4: Qty/Pack(Pcs) | F4: Prod. Date | G4: Exp. Date | H4: Model | I4: Berat Packaging (gram) | J4: Berat per pcs (gram) | K4: Berat total(Kg) | L4: Type Packaging | M4: Ukuran packaging (PxLxT) | N4: Part No lama | O4: Qty sub pack | P4: Metode
A5: 001 | B5: VEN3500 | C5: KEY COVER ARM L PNT 001188 | D5: PT. YMMA | E5: 220 | G5: =F5+91 -> 91 | H5: - | I5: 280 | J5: 26.2 | K5: =(I5+(J5*E5))/1000 -> 6.044 | L5: Cartoon Box S2DW | M5: =VLOOKUP(L5,Packaging!$B$3:$C$21,2,0) -> 290 X 200 X 140 | O5: 5 | P5: Timbang
A6: 002 | B6: VEN3520 | C6: KEY COVER ARM L PNT 001190 | D6: PT. YMMA | E6: 220 | G6: =F6+91 -> 91 | H6: - | I6: 280 | J6: 38.6 | K6: =(I6+(J6*E6))/1000 -> 8.772 | L6: Cartoon Box S2DW | M6: =VLOOKUP(L6,Packaging!$B$3:$C$21,2,0) -> 290 X 200 X 140 | O6: 5 | P6: Timbang
A7: 003 | B7: VEN3510 | C7: KEY COVER ARM R PNT 001188 | D7: PT. YMMA | E7: 220 | G7: =F7+91 -> 91 | H7: - | I7: 280 | J7: 26.2 | K7: =(I7+(J7*E7))/1000 -> 6.044 | L7: Cartoon Box S2DW | M7: =VLOOKUP(L7,Packaging!$B$3:$C$21,2,0) -> 290 X 200 X 140 | O7: 5 | P7: Timbang
A8: 004 | B8: VEN3530 | C8: KEY COVER ARM R PNT 001190 | D8: PT. YMMA | E8: 220 | G8: =F8+91 -> 91 | H8: - | I8: 280 | J8: 38.6 | K8: =(I8+(J8*E8))/1000 -> 8.772 | L8: Cartoon Box S2DW | M8: =VLOOKUP(L8,Packaging!$B$3:$C$21,2,0) -> 290 X 200 X 140 | O8: 5 | P8: Timbang
A9: 005 | B9: VEW5100 | C9: FRONT RAIL PAINTED 000042 | D9: PT. YMMA | E9: 16 | G9: =F9+91 -> 91 | H9: - | I9: 948 | J9: 1650.4 | K9: =(I9+(J9*E9))/1000 -> 27.3544 | L9: Cartoon Box S25DW | M9: =VLOOKUP(L9,Packaging!$B$3:$C$21,2,0) -> 1410 X 165 X 175 | O9: 1 | P9: Timbang
A10: 006 | B10: VAX3500 | C10: SP GRILLE PAINTED 000418 | D10: PT. YMMA | E10: 40 | G10: =F10+91 -> 91 | H10: - | I10: 766 | J10: 170 | K10: =(I10+(J10*E10))/1000 -> 7.566 | L10: Cartoon Box S6DW | M10: =VLOOKUP(L10,Packaging!$B$3:$C$21,2,0) -> 390 X 350 X 280 | O10: 2 | P10: Timbang
A11: 007 | B11: VFV1400 | C11: DCIN ANGLE 001380 | D11: PT. YMMA | E11: 60 | G11: =F11+91 -> 91 | H11: - | I11: 280 | J11: 68.2 | K11: =(I11+(J11*E11))/1000 -> 4.372 | L11: Cartoon Box S2DW | M11: =VLOOKUP(L11,Packaging!$B$3:$C$21,2,0) -> 290 X 200 X 140 | O11: 5 | P11: Timbang
A12: 008 | B12: VEW4650 | C12: BOTTOM 7 PAINTED DE 000041 | D12: PT. YMMA | E12: 20 | G12: =F12+91 -> 91 | H12: - | J12: 5076.8 | K12: =(I12+(J12*E12))/1000 -> 101.536 | L12: TROLLY | M12: =VLOOKUP(L12,Packaging!$B$3:$C$21,2,0) -> 1000 X 880 X 1230 | O12: 1 | P12: Timbang
A13: 009 | B13: VDF9740 | C13: PEDAL PILLAR 000100 | D13: PT. YMMA | E13: 30 | G13: =F13+91 -> 91 | H13: - | I13: 430 | J13: 411 | K13: =(I13+(J13*E13))/1000 -> 12.76 | L13: Cartoon Box S18DW | M13: =VLOOKUP(L13,Packaging!$B$3:$C$21,2,0) -> 560 X 175 X 155 | O13: 1 | P13: Timbang
A14: 010 | B14: VHF3020 | C14: PEDAL PILLAR 000101 | D14: PT. YMMA | E14: 30 | G14: =F14+91 -> 91 | H14: - | I14: 430 | J14: 411 | K14: =(I14+(J14*E14))/1000 -> 12.76 | L14: Cartoon Box S18DW | M14: =VLOOKUP(L14,Packaging!$B$3:$C$21,2,0) -> 560 X 175 X 155 | N14: ZY71610 | O14: 1 | P14: Timbang
A15: 011 | B15: ZK72470 | C15: FOOT BASE BOARD 2 8K48/8N32 | D15: PT. YMMA | E15: 28 | G15: =F15+91 -> 91 | H15: - | I15: 378 | J15: 437.8 | K15: =(I15+(J15*E15))/1000 -> 12.6364 | L15: Cartoon Box S14DW | M15: =VLOOKUP(L15,Packaging!$B$3:$C$21,2,0) -> 400 X 240 X 130 | O15: 2 | P15: Timbang
A16: 012 | B16: VEY8740 | C16: BACK TOE L 001366 | D16: PT. YMMA | E16: 100 | G16: =F16+91 -> 91 | H16: - | I16: 280 | J16: 91 | K16: =(I16+(J16*E16))/1000 -> 9.38 | L16: Cartoon Box S2DW | M16: =VLOOKUP(L16,Packaging!$B$3:$C$21,2,0) -> 290 X 200 X 140 | O16: 5 | P16: Timbang
A17: 013 | B17: VEY8750 | C17: BACK TOE R 001366 | D17: PT. YMMA | E17: 100 | G17: =F17+91 -> 91 | H17: - | I17: 280 | J17: 91 | K17: =(I17+(J17*E17))/1000 -> 9.38 | L17: Cartoon Box S2DW | M17: =VLOOKUP(L17,Packaging!$B$3:$C$21,2,0) -> 290 X 200 X 140 | O17: 5 | P17: Timbang
A18: 014 | B18: VEN3810 | C18: T-BOARD GRILLE ASSY 001188 | D18: PT. YMMA | E18: 20 | G18: =F18+91 -> 91 | H18: - | I18: 580 | J18: 1034 | K18: =(I18+(J18*E18))/1000 -> 21.26 | L18: Cartoon Box S24DW | M18: =VLOOKUP(L18,Packaging!$B$3:$C$21,2,0) -> 1380 X 150 X 80 | O18: 1 | P18: Timbang
A19: 015 | B19: VEN3830 | C19: T-BOARD GRILLE ASSY 001190 | D19: PT. YMMA | E19: 20 | G19: =F19+91 -> 91 | H19: - | I19: 580 | J19: 1034 | K19: =(I19+(J19*E19))/1000 -> 21.26 | L19: Cartoon Box S24DW | M19: =VLOOKUP(L19,Packaging!$B$3:$C$21,2,0) -> 1380 X 150 X 80 | O19: 1 | P19: Timbang
A20: 016 | B20: VEW8810 | C20: AMP BOX PAINTED GP TA3 | D20: PT. YMMA | E20: 12 | G20: =F20+91 -> 91 | H20: - | I20: 766 | J20: 610 | K20: =(I20+(J20*E20))/1000 -> 8.086 | L20: Cartoon Box S6DW | M20: =VLOOKUP(L20,Packaging!$B$3:$C$21,2,0) -> 390 X 350 X 280 | O20: 1 | P20: Timbang
A21: 017 | B21: VGJ1470 | C21: BACK SP GRILLE 001798 | D21: PT. YMMA | E21: 40 | G21: =F21+91 -> 91 | H21: - | I21: 378 | J21: 724 | K21: =(I21+(J21*E21))/1000 -> 29.338 | L21: Cartoon Box S14DW | M21: =VLOOKUP(L21,Packaging!$B$3:$C$21,2,0) -> 400 X 240 X 130 | O21: 4 | P21: Timbang
A22: 018 | B22: VGJ2260 | C22: KEYCOVER ARM L 001798 | D22: PT. YMMA | E22: 360 | G22: =F22+91 -> 91 | H22: - | I22: 280 | J22: 26 | K22: =(I22+(J22*E22))/1000 -> 9.64 | L22: Cartoon Box S2DW | M22: =VLOOKUP(L22,Packaging!$B$3:$C$21,2,0) -> 290 X 200 X 140 | O22: 20 | P22: Timbang
A23: 019 | B23: VGJ2220 | C23: KEYCOVER ARM L PNT 001798 | D23: PT. YMMA | E23: 360 | G23: =F23+91 -> 91 | H23: - | I23: 280 | J23: 26.8 | K23: =(I23+(J23*E23))/1000 -> 9.928 | L23: Cartoon Box S2DW | M23: =VLOOKUP(L23,Packaging!$B$3:$C$21,2,0) -> 290 X 200 X 140 | O23: 5 | P23: Timbang
A24: 020 | B24: VGJ2270 | C24: KEYCOVER ARM R 001798 | D24: PT. YMMA | E24: 360 | G24: =F24+91 -> 91 | H24: - | I24: 280 | J24: 26 | K24: =(I24+(J24*E24))/1000 -> 9.64 | L24: Cartoon Box S2DW | M24: =VLOOKUP(L24,Packaging!$B$3:$C$21,2,0) -> 290 X 200 X 140 | O24: 20 | P24: Timbang
A25: 021 | B25: VGJ2230 | C25: KEYCOVER ARM R PNT 001798 | D25: PT. YMMA | E25: 360 | G25: =F25+91 -> 91 | H25: - | I25: 280 | J25: 26.8 | K25: =(I25+(J25*E25))/1000 -> 9.928 | L25: Cartoon Box S2DW | M25: =VLOOKUP(L25,Packaging!$B$3:$C$21,2,0) -> 290 X 200 X 140 | O25: 5 | P25: Timbang
A26: 022 | B26: VFA1570 | C26: T-BOARD GRILLE ASSY 001380 | D26: PT. YMMA | E26: 20 | G26: =F26+91 -> 91 | H26: - | I26: 1128 | J26: 1076 | K26: =(I26+(J26*E26))/1000 -> 22.648 | L26: NA | M26: =VLOOKUP(L26,Packaging!$B$3:$C$21,2,0) -> #N/A | O26: 1 | P26: Timbang
... A57: 053 | B57: VEW8840 | C57: AMP BRACKET UP TA3 TC3 | D57: PT. YMMA | E57: 20 | G57: =F57+91 -> 91 | H57: - | I57: 280 | J57: 419.2 | K57: =(I57+(J57*E57))/1000 -> 8.664 | L57: Cartoon Box S2DW | M57: =VLOOKUP(L57,Packaging!$B$3:$C$21,2,0) -> 290 X 200 X 140 | O57: 5 | P57: Timbang
A58: 054 | B58: VEW3720 | C58: BOTTOM 6 PAINTED DE 000040 | D58: PT. YMMA | E58: 20 | G58: =F58+91 -> 91 | H58: - | J58: 4152.4 | K58: =(I58+(J58*E58))/1000 -> 83.048 | L58: TROLLY | M58: =VLOOKUP(L58,Packaging!$B$3:$C$21,2,0) -> 1000 X 880 X 1230 | O58: 1 | P58: Timbang
A59: 055 | B59: VEW4000 | C59: PW COVER : | D59: PT. YMMA | E59: 32 | G59: =F59+91 -> 91 | H59: - | I59: 280 | J59: 110 | K59: =(I59+(J59*E59))/1000 -> 3.8 | L59: Cartoon Box S2DW | M59: =VLOOKUP(L59,Packaging!$B$3:$C$21,2,0) -> 290 X 200 X 140 | O59: 2 | P59: Timbang
A60: 056 | B60: VFG0380 | C60: BOTTOMCASE PAINTED SC3 TC3 BK | D60: PT. YMMA | E60: 9 | G60: =F60+91 -> 91 | H60: - | I60: 278 | J60: 332.2 | K60: =(I60+(J60*E60))/1000 -> 3.2678 | L60: Cartoon Box S1DW | M60: =VLOOKUP(L60,Packaging!$B$3:$C$21,2,0) -> 360 X 270 X 128 | O60: 1 | P60: Timbang
A61: 057 | B61: ZC05400 | C61: BACK TOP RAIL ANGLE 1.6 L : | D61: PT. YMMA | E61: 250 | G61: =F61+91 -> 91 | H61: - | I61: 280 | J61: 87.4 | K61: =(I61+(J61*E61))/1000 -> 22.13 | L61: Cartoon Box S2DW | M61: =VLOOKUP(L61,Packaging!$B$3:$C$21,2,0) -> 290 X 200 X 140 | O61: 50 | P61: Timbang
A62: 058 | B62: VFU1430 | C62: BOTTOMCASE H PAINTED BK 208EX EN55035 | D62: PT. YMMA | E62: 9 | G62: =F62+91 -> 91 | H62: - | I62: 278 | J62: 320 | K62: =(I62+(J62*E62))/1000 -> 3.158 | L62: Cartoon Box S1DW | M62: =VLOOKUP(L62,Packaging!$B$3:$C$21,2,0) -> 360 X 270 X 128 | N62: ZZ34950 | O62: 1 | P62: Timbang
A63: 059 | B63: VFJ2870 | C63: DC IN HOLDER 16V | D63: PT. YMMA | E63: 600 | G63: =F63+91 -> 91 | H63: - | I63: 280 | J63: 8.4 | K63: =(I63+(J63*E63))/1000 -> 5.32 | L63: Cartoon Box S2DW | M63: =VLOOKUP(L63,Packaging!$B$3:$C$21,2,0) -> 290 X 200 X 140 | O63: 150 | P63: Timbang
A64: 060 | B64: ZA88910 | C64: PAD ANGLE #3237 | D64: PT. YMMA | E64: 400 | G64: =F64+91 -> 91 | H64: - | I64: 278 | J64: 12.4 | K64: =(I64+(J64*E64))/1000 -> 5.238 | L64: Cartoon Box S1DW | M64: =VLOOKUP(L64,Packaging!$B$3:$C$21,2,0) -> 360 X 270 X 128 | O64: 50 | P64: Timbang
A65: 061 | B65: ZE26620 | C65: GRAND METAL HAJK 8I55 | D65: PT. YMMA | E65: 600 | G65: =F65+91 -> 91 | H65: - | I65: 280 | J65: 7.8 | K65: =(I65+(J65*E65))/1000 -> 4.96 | L65: Cartoon Box S2DW | M65: =VLOOKUP(L65,Packaging!$B$3:$C$21,2,0) -> 290 X 200 X 140 | O65: 150 | P65: Timbang
A66: 062 | B66: ZC33270 | C66: AC ADAPTOR COVER #3238 | D66: PT. YMMA | E66: 30 | G66: =F66+91 -> 91 | H66: - | I66: 278 | J66: 124.4 | K66: =(I66+(J66*E66))/1000 -> 4.01 | L66: Cartoon Box S1DW | M66: =VLOOKUP(L66,Packaging!$B$3:$C$21,2,0) -> 360 X 270 X 128 | O66: 1 | P66: Timbang
A67: 063 | B67: ZC11150 | C67: HOLDER #3238 | D67: PT. YMMA | E67: 1000 | G67: =F67+91 -> 91 | H67: - | I67: 280 | J67: 10 | K67: =(I67+(J67*E67))/1000 -> 10.28 | L67: Cartoon Box S2DW | M67: =VLOOKUP(L67,Packaging!$B$3:$C$21,2,0) -> 290 X 200 X 140 | O67: 10 | P67: Timbang
A68: 064 | B68: VEN3280 | C68: SIDE BOARD ANGLE L 001188 | D68: PT. YMMA | E68: 30 | G68: =F68+91 -> 91 | H68: - | I68: 430 | J68: 333.6 | K68: =(I68+(J68*E68))/1000 -> 10.438 | L68: Cartoon Box S18DW | M68: =VLOOKUP(L68,Packaging!$B$3:$C$21,2,0) -> 560 X 175 X 155 | O68: 5 | P68: Timbang
A69: 065 | B69: VEN3290 | C69: SIDE BOARD ANGLE R 001188 | D69: PT. YMMA | E69: 30 | G69: =F69+91 -> 91 | H69: - | I69: 430 | J69: 333.6 | K69: =(I69+(J69*E69))/1000 -> 10.438 | L69: Cartoon Box S18DW | M69: =VLOOKUP(L69,Packaging!$B$3:$C$21,2,0) -> 560 X 175 X 155 | O69: 5 | P69: Timbang
A70: 066 | B70: VEN4160 | C70: BACK SP GRILLE 001188 | D70: PT. YMMA | E70: 100 | G70: =F70+91 -> 91 | H70: - | I70: 278 | J70: 36 | K70: =(I70+(J70*E70))/1000 -> 3.878 | L70: Cartoon Box S1DW | M70: =VLOOKUP(L70,Packaging!$B$3:$C$21,2,0) -> 360 X 270 X 128 | O70: 4 | P70: Timbang
A71: 067 | B71: VEF9530 | C71: U FR BOARD SILL ANGLE 001191 | D71: PT. YMMA | E71: 20 | G71: =F71+91 -> 91 | H71: - | I71: 580 | J71: 952.4 | K71: =(I71+(J71*E71))/1000 -> 19.628 | L71: Cartoon Box S24DW | M71: =VLOOKUP(L71,Packaging!$B$3:$C$21,2,0) -> 1380 X 150 X 80 | O71: 20 | P71: Timbang
A72: 068 | B72: ZX76300 | C72: DM SUPPORT ANGLE 1.0 : : | D72: PT. YMMA | E72: 1000 | G72: =F72+91 -> 91 | H72: - | I72: 280 | J72: 1.6 | K72: =(I72+(J72*E72))/1000 -> 1.88 | L72: Cartoon Box S2DW | M72: =VLOOKUP(L72,Packaging!$B$3:$C$21,2,0) -> 290 X 200 X 140 | O72: 250 | P72: Timbang
A73: 069 | B73: ZY24860 | C73: PANEL SIDE ANGLE : : : | D73: PT. YMMA | E73: 500 | G73: =F73+91 -> 91 | H73: - | I73: 280 | J73: 25 | K73: =(I73+(J73*E73))/1000 -> 12.78 | L73: Cartoon Box S2DW | M73: =VLOOKUP(L73,Packaging!$B$3:$C$21,2,0) -> 290 X 200 X 140 | O73: 50 | P73: Timbang
A74: 070 | B74: ZY18460 | C74: PW TOP COVER DE 000035 | D74: PT. YMMA | E74: 170 | G74: =F74+91 -> 91 | H74: - | I74: 244 | J74: 52.8 | K74: =(I74+(J74*E74))/1000 -> 9.22 | L74: Cartoon Box S23DW | M74: =VLOOKUP(L74,Packaging!$B$3:$C$21,2,0) -> 290 X 200 X 100 | O74: 10 | P74: Timbang
... A78: 074 | B78: VDH3130 | C78: SP GRILLE PAINTED 000760 | D78: PT. YMMA | E78: 36 | G78: =F78+91 -> 91 | H78: - | I78: 766 | J78: 198.8 | K78: =(I78+(J78*E78))/1000 -> 7.9228 | L78: Cartoon Box S6DW | M78: =VLOOKUP(L78,Packaging!$B$3:$C$21,2,0) -> 390 X 350 X 280 | O78: 2 | P78: Timbang
A79: 075 | B79: VHF3180 | C79: SP GRILLE PAINTED 000761 | D79: PT. YMMA | E79: 36 | G79: =F79+91 -> 91 | H79: - | I79: 766 | J79: 198.8 | K79: =(I79+(J79*E79))/1000 -> 7.9228 | L79: Cartoon Box S6DW | M79: =VLOOKUP(L79,Packaging!$B$3:$C$21,2,0) -> 390 X 350 X 280 | N79: VDH3140 | O79: 2 | P79: Timbang
A80: 076 | B80: ZZ50780 | C80: SP GRILLE PAINTED 000125 | D80: PT. YMMA | E80: 54 | G80: =F80+91 -> 91 | H80: - | I80: 766 | J80: 128 | K80: =(I80+(J80*E80))/1000 -> 7.678 | L80: Cartoon Box S6DW | M80: =VLOOKUP(L80,Packaging!$B$3:$C$21,2,0) -> 390 X 350 X 280 | O80: 2 | P80: Timbang
A81: 077 | B81: ZZ50790 | C81: SP GRILLE PAINTED 000126 | D81: PT. YMMA | E81: 54 | G81: =F81+91 -> 91 | H81: - | I81: 766 | J81: 128 | K81: =(I81+(J81*E81))/1000 -> 7.678 | L81: Cartoon Box S6DW | M81: =VLOOKUP(L81,Packaging!$B$3:$C$21,2,0) -> 390 X 350 X 280 | O81: 2 | P81: Timbang
A82: 078 | B82: VGV6160 | C82: SP GRILLE PAINTED 001592 | D82: PT. YMMA | E82: 54 | G82: =F82+91 -> 91 | H82: - | I82: 766 | J82: 128 | K82: =(I82+(J82*E82))/1000 -> 7.678 | L82: Cartoon Box S6DW | M82: =VLOOKUP(L82,Packaging!$B$3:$C$21,2,0) -> 390 X 350 X 280 | O82: 2 | P82: Timbang
A83: 079 | B83: ZA76980 | C83: DM ANGLE #3238 | D83: PT. YMMA | E83: 300 | G83: =F83+91 -> 91 | H83: - | I83: 280 | J83: 22 | K83: =(I83+(J83*E83))/1000 -> 6.88 | L83: Cartoon Box S2DW | M83: =VLOOKUP(L83,Packaging!$B$3:$C$21,2,0) -> 290 X 200 X 140 | O83: 30 | P83: Timbang
A84: 080 | B84: VAY6540 | C84: PW TOP COVER DE 000525 | D84: PT. YMMA | E84: 100 | G84: =F84+91 -> 91 | H84: - | I84: 280 | J84: 110 | K84: =(I84+(J84*E84))/1000 -> 11.28 | L84: Cartoon Box S2DW | M84: =VLOOKUP(L84,Packaging!$B$3:$C$21,2,0) -> 290 X 200 X 140 | O84: 5 | P84: Timbang
A85: 081 | B85: VAP5720 | C85: ANGLE AT 000133 | D85: PT. YMMA | E85: 1000 | G85: =F85+91 -> 91 | H85: - | I85: 280 | J85: 10 | K85: =(I85+(J85*E85))/1000 -> 10.28 | L85: Cartoon Box S2DW | M85: =VLOOKUP(L85,Packaging!$B$3:$C$21,2,0) -> 290 X 200 X 140 | O85: 25 | P85: Timbang
A86: 082 | B86: VCR3110 | C86: SP GRILLE PAINTED 000707 | D86: PT. YMMA | E86: 400 | G86: =F86+91 -> 91 | H86: - | I86: 280 | J86: 21 | K86: =(I86+(J86*E86))/1000 -> 8.68 | L86: Cartoon Box S2DW | M86: =VLOOKUP(L86,Packaging!$B$3:$C$21,2,0) -> 290 X 200 X 140 | O86: 10 | P86: Timbang
A87: 083 | B87: ZY25070 | C87: CONNECT ANGLE 7 : : : | D87: PT. YMMA | E87: 200 | G87: =F87+91 -> 91 | H87: - | I87: 278 | J87: 33.8 | K87: =(I87+(J87*E87))/1000 -> 7.038 | L87: Cartoon Box S1DW | M87: =VLOOKUP(L87,Packaging!$B$3:$C$21,2,0) -> 360 X 270 X 128 | O87: 10 | P87: Timbang
A88: 084 | B88: ZY25080 | C88: CONNECT ANGLE 8 : : : | D88: PT. YMMA | E88: 200 | G88: =F88+91 -> 91 | H88: - | I88: 278 | J88: 40 | K88: =(I88+(J88*E88))/1000 -> 8.278 | L88: Cartoon Box S1DW | M88: =VLOOKUP(L88,Packaging!$B$3:$C$21,2,0) -> 360 X 270 X 128 | O88: 10 | P88: Timbang
A89: 085 | B89: VHG4100 | C89: SP GRILLE PAINTED #3668 | D89: PT. YMMA | E89: 150 | G89: =F89+91 -> 91 | H89: - | I89: 280 | J89: 32 | K89: =(I89+(J89*E89))/1000 -> 5.08 | L89: Cartoon Box S2DW | M89: =VLOOKUP(L89,Packaging!$B$3:$C$21,2,0) -> 290 X 200 X 140 | N89: VCN8340 | O89: 10 | P89: Timbang
A90: 086 | B90: VCN8330 | C90: SP GRILLE PAINTED 000136 | D90: PT. YMMA | E90: 150 | G90: =F90+91 -> 91 | H90: - | I90: 280 | J90: 45 | K90: =(I90+(J90*E90))/1000 -> 7.03 | L90: Cartoon Box S2DW | M90: =VLOOKUP(L90,Packaging!$B$3:$C$21,2,0) -> 290 X 200 X 140 | O90: 10 | P90: Timbang
A91: 087 | B91: ZZ00770 | C91: PW SHIELD COVER DE 000035 | D91: PT. YMMA | E91: 96 | G91: =F91+91 -> 91 | H91: - | I91: 278 | J91: 118 | K91: =(I91+(J91*E91))/1000 -> 11.606 | L91: Cartoon Box S1DW | M91: =VLOOKUP(L91,Packaging!$B$3:$C$21,2,0) -> 360 X 270 X 128 | O91: 8 | P91: Timbang
A92: 088 | B92: ZZ55220 | C92: SIDE PAD ANGLE LW 000125 | D92: PT. YMMA | E92: 200 | G92: =F92+91 -> 91 | H92: - | I92: 280 | J92: 90 | K92: =(I92+(J92*E92))/1000 -> 18.28 | L92: Cartoon Box S2DW | M92: =VLOOKUP(L92,Packaging!$B$3:$C$21,2,0) -> 290 X 200 X 140 | O92: 20 | P92: Timbang
A93: 089 | B93: ZZ42290 | C93: SP GRILLE WO PAINTED 000106 | D93: PT. YMMA | E93: 32 | G93: =F93+91 -> 91 | H93: - | I93: 766 | J93: 126.6 | K93: =(I93+(J93*E93))/1000 -> 4.8172 | L93: Cartoon Box S6DW | M93: =VLOOKUP(L93,Packaging!$B$3:$C$21,2,0) -> 390 X 350 X 280 | O93: 2 | P93: Timbang
A94: 090 | B94: ZW29660 | C94: MUSIC REST ANGLE #3641 | D94: PT. YMMA | E94: 300 | G94: =F94+91 -> 91 | H94: - | I94: 280 | J94: 46.6 | K94: =(I94+(J94*E94))/1000 -> 14.26 | L94: Cartoon Box S23DW | M94: =VLOOKUP(L94,Packaging!$B$3:$C$21,2,0) -> 290 X 200 X 100 | O94: 25 | P94: Timbang
A95: 091 | B95: VHF3040 | C95: MUSIC REST ANGLE #3670 WHITE | D95: PT. YMMA | E95: 300 | G95: =F95+91 -> 91 | H95: - | I95: 280 | J95: 46.6 | K95: =(I95+(J95*E95))/1000 -> 14.26 | L95: Cartoon Box S23DW | M95: =VLOOKUP(L95,Packaging!$B$3:$C$21,2,0) -> 290 X 200 X 100 | N95: ZW76490 | O95: 25 | P95: Timbang
A96: 092 | B96: ZS78030 | C96: FRONT PANEL PAINTED 8R36 | D96: PT. YMMA | E96: 12 | G96: =F96+91 -> 91 | H96: - | I96: 430 | J96: 419.6 | K96: =(I96+(J96*E96))/1000 -> 5.4652 | L96: Cartoon Box S18DW | M96: =VLOOKUP(L96,Packaging!$B$3:$C$21,2,0) -> 560 X 175 X 155 | O96: 1 | P96: Timbang
A97: 093 | B97: WW02410 | C97: H.P PLATE : | D97: PT. YMMA | E97: 240 | G97: =F97+91 -> 91 | H97: - | I97: 280 | J97: 14.8 | K97: =(I97+(J97*E97))/1000 -> 3.832 | L97: Cartoon Box S2DW | M97: =VLOOKUP(L97,Packaging!$B$3:$C$21,2,0) -> 290 X 200 X 140 | O97: 10 | P97: Timbang
A98: 094 | B98: ZW36790 | C98: ROD HOLDER L #3641 | D98: PT. YMMA | E98: 600 | G98: =F98+91 -> 91 | H98: - | I98: 280 | J98: 20 | K98: =(I98+(J98*E98))/1000 -> 12.28 | L98: Cartoon Box S2DW | M98: =VLOOKUP(L98,Packaging!$B$3:$C$21,2,0) -> 290 X 200 X 140 | O98: 100 | P98: Timbang
A99: 095 | B99: ZW36800 | C99: ROD HOLDER R #3641 | D99: PT. YMMA | E99: 600 | G99: =F99+91 -> 91 | H99: - | I99: 280 | J99: 20 | K99: =(I99+(J99*E99))/1000 -> 12.28 | L99: Cartoon Box S2DW | M99: =VLOOKUP(L99,Packaging!$B$3:$C$21,2,0) -> 290 X 200 X 140 | O99: 100 | P99: Timbang
A100: 096 | B100: ZV95540 | C100: KEY STOP ANGLE #3631 | D100: PT. YMMA | E100: 1000 | G100: =F100+91 -> 91 | H100: - | I100: 280 | J100: 8.6 | K100: =(I100+(J100*E100))/1000 -> 8.88 | L100: Cartoon Box S2DW | M100: =VLOOKUP(L100,Packaging!$B$3:$C$21,2,0) -> 290 X 200 X 140 | O100: 250 | P100: Timbang
A101: 097 | B101: ZV33230 | C101: KEY STOP ANGLE #3635 | D101: PT. YMMA | E101: 1000 | G101: =F101+91 -> 91 | H101: - | I101: 280 | J101: 14 | K101: =(I101+(J101*E101))/1000 -> 14.28 | L101: Cartoon Box S2DW | M101: =VLOOKUP(L101,Packaging!$B$3:$C$21,2,0) -> 290 X 200 X 140 | O101: 250 | P101: Timbang
A102: 098 | B102: ZW54950 | C102: KEYCOVER ARM L PNT #3635 | D102: PT. YMMA | E102: 90 | G102: =F102+91 -> 91 | H102: - | I102: 280 | J102: 36 | K102: =(I102+(J102*E102))/1000 -> 3.52 | L102: Cartoon Box S2DW | M102: =VLOOKUP(L102,Packaging!$B$3:$C$21,2,0) -> 290 X 200 X 140 | O102: 10 | P102: Timbang
A103: 099 | B103: ZW54960 | C103: KEYCOVER ARM R PNT #3635 | D103: PT. YMMA | E103: 90 | G103: =F103+91 -> 91 | H103: - | I103: 280 | J103: 36 | K103: =(I103+(J103*E103))/1000 -> 3.52 | L103: Cartoon Box S2DW | M103: =VLOOKUP(L103,Packaging!$B$3:$C$21,2,0) -> 290 X 200 X 140 | O103: 10 | P103: Timbang
A104: 100 | B104: ZW54980 | C104: KEYCOVER ARM L #3635 | D104: PT. YMMA | E104: 90 | G104: =F104+91 -> 91 | H104: - | I104: 280 | J104: 34.4 | K104: =(I104+(J104*E104))/1000 -> 3.376 | L104: Cartoon Box S2DW | M104: =VLOOKUP(L104,Packaging!$B$3:$C$21,2,0) -> 290 X 200 X 140 | O104: 10 | P104: Timbang
A105: 101 | B105: ZW54990 | C105: KEYCOVER ARM R #3635 | D105: PT. YMMA | E105: 90 | G105: =F105+91 -> 91 | H105: - | I105: 280 | J105: 34.4 | K105: =(I105+(J105*E105))/1000 -> 3.376 | L105: Cartoon Box S2DW | M105: =VLOOKUP(L105,Packaging!$B$3:$C$21,2,0) -> 290 X 200 X 140 | O105: 10 | P105: Timbang
A106: 102 | B106: ZH66590 | C106: L ANGLE L #3352 | D106: PT. YMMA | E106: 450 | G106: =F106+91 -> 91 | H106: - | I106: 244 | J106: 44 | K106: =(I106+(J106*E106))/1000 -> 20.044 | L106: Cartoon Box S23DW | M106: =VLOOKUP(L106,Packaging!$B$3:$C$21,2,0) -> 290 X 200 X 100 | O106: 25 | P106: Timbang
A107: 103 | B107: ZH66600 | C107: L ANGLE R #3352 | D107: PT. YMMA | E107: 450 | G107: =F107+91 -> 91 | H107: - | I107: 244 | J107: 44 | K107: =(I107+(J107*E107))/1000 -> 20.044 | L107: Cartoon Box S23DW | M107: =VLOOKUP(L107,Packaging!$B$3:$C$21,2,0) -> 290 X 200 X 100 | O107: 25 | P107: Timbang
... A110: 106 | B110: VCX3650 | C110: SP GRILLE L PAINTED 000139 | D110: PT. YMMA | E110: 68 | G110: =F110+91 -> 91 | H110: - | I110: 766 | J110: 163.6 | K110: =(I110+(J110*E110))/1000 -> 11.8908 | L110: Cartoon Box S6DW | M110: =VLOOKUP(L110,Packaging!$B$3:$C$21,2,0) -> 390 X 350 X 280 | O110: 2 | P110: Timbang
A111: 107 | B111: VHF3160 | C111: SP GRILLE L PAINTED 000140 | D111: PT. YMMA | E111: 68 | G111: =F111+91 -> 91 | H111: - | I111: 766 | J111: 163.6 | K111: =(I111+(J111*E111))/1000 -> 11.8908 | L111: Cartoon Box S6DW | M111: =VLOOKUP(L111,Packaging!$B$3:$C$21,2,0) -> 390 X 350 X 280 | N111: VCX3660 | O111: 2 | P111: Timbang
A112: 108 | B112: VCX3670 | C112: SP GRILLE R PAINTED 000139 | D112: PT. YMMA | E112: 68 | G112: =F112+91 -> 91 | H112: - | I112: 766 | J112: 163.6 | K112: =(I112+(J112*E112))/1000 -> 11.8908 | L112: Cartoon Box S6DW | M112: =VLOOKUP(L112,Packaging!$B$3:$C$21,2,0) -> 390 X 350 X 280 | O112: 2 | P112: Timbang
A113: 109 | B113: VHF3170 | C113: SP GRILLE R PAINTED 000140 | D113: PT. YMMA | E113: 68 | G113: =F113+91 -> 91 | H113: - | I113: 766 | J113: 163.6 | K113: =(I113+(J113*E113))/1000 -> 11.8908 | L113: Cartoon Box S6DW | M113: =VLOOKUP(L113,Packaging!$B$3:$C$21,2,0) -> 390 X 350 X 280 | N113: VCX3680 | O113: 2 | P113: Timbang
A114: 110 | B114: VAH3850 | C114: FRONT LEG ANGLE L 000136 | D114: PT. YMMA | E114: 36 | G114: =F114+91 -> 91 | H114: - | I114: 280 | J114: 308.2 | K114: =(I114+(J114*E114))/1000 -> 11.3752 | L114: Cartoon Box S2DW | M114: =VLOOKUP(L114,Packaging!$B$3:$C$21,2,0) -> 290 X 200 X 140 | O114: 1 | P114: Timbang
A115: 111 | B115: VAH3860 | C115: FRONT LEG ANGLE R 000136 | D115: PT. YMMA | E115: 36 | G115: =F115+91 -> 91 | H115: - | I115: 280 | J115: 308.2 | K115: =(I115+(J115*E115))/1000 -> 11.3752 | L115: Cartoon Box S2DW | M115: =VLOOKUP(L115,Packaging!$B$3:$C$21,2,0) -> 290 X 200 X 140 | O115: 1 | P115: Timbang
A116: 112 | B116: VJ90760 | C116: SP BOX FITTING PLATE 1.6 C | D116: PT. YMMA | E116: 180 | G116: =F116+91 -> 91 | H116: - | I116: 378 | J116: 92 | K116: =(I116+(J116*E116))/1000 -> 16.938 | L116: Cartoon Box S14DW | M116: =VLOOKUP(L116,Packaging!$B$3:$C$21,2,0) -> 400 X 240 X 130 | O116: 30 | P116: Timbang
A117: 113 | B117: ZF65100 | C117: JACK HOLDER 8N42 : | D117: PT. YMMA | E117: 500 | G117: =F117+91 -> 91 | H117: - | I117: 280 | J117: 17.4 | K117: =(I117+(J117*E117))/1000 -> 8.98 | L117: Cartoon Box S2DW | M117: =VLOOKUP(L117,Packaging!$B$3:$C$21,2,0) -> 290 X 200 X 140 | O117: 100 | P117: Timbang
A118: 114 | B118: ZC99740 | C118: PORT GRILLE(PAINTED) SEMI GROSS BLACK | D118: PT. YMMA | E118: 1000 | G118: =F118+91 -> 91 | H118: - | I118: 280 | J118: 7.2 | K118: =(I118+(J118*E118))/1000 -> 7.48 | L118: Cartoon Box S2DW | M118: =VLOOKUP(L118,Packaging!$B$3:$C$21,2,0) -> 290 X 200 X 140 | O118: 50 | P118: Timbang
A119: 115 | B119: ZS23990 | C119: REAR PANEL ANGLE 1.6 C : | D119: PT. YMMA | E119: 300 | G119: =F119+91 -> 91 | H119: - | I119: 280 | J119: 15 | K119: =(I119+(J119*E119))/1000 -> 4.78 | L119: Cartoon Box S2DW | M119: =VLOOKUP(L119,Packaging!$B$3:$C$21,2,0) -> 290 X 200 X 140 | O119: 20 | P119: Timbang
A120: 116 | B120: ZF64890 | C120: SWITCH CRUCH A PAINT 8N42 : | D120: PT. YMMA | E120: 112 | G120: =F120+91 -> 91 | H120: - | I120: 280 | J120: 93 | K120: =(I120+(J120*E120))/1000 -> 10.696 | L120: Cartoon Box S2DW | M120: =VLOOKUP(L120,Packaging!$B$3:$C$21,2,0) -> 290 X 200 X 140 | O120: 1 | P120: Timbang
A121: 117 | B121: ZF64900 | C121: SWITCH CRUCH B PAINT 8N42 : | D121: PT. YMMA | E121: 300 | G121: =F121+91 -> 91 | H121: - | I121: 244 | J121: 28 | K121: =(I121+(J121*E121))/1000 -> 8.644 | L121: Cartoon Box S23DW | M121: =VLOOKUP(L121,Packaging!$B$3:$C$21,2,0) -> 290 X 200 X 100 | O121: 10 | P121: Timbang
A122: 118 | B122: ZJ20370 | C122: CUSHION FRAME 8N36 | D122: PT. YMMA | E122: 8 | G122: =F122+91 -> 91 | H122: - | I122: 378 | J122: 388.2 | K122: =(I122+(J122*E122))/1000 -> 3.4836 | L122: Cartoon Box S14DW | M122: =VLOOKUP(L122,Packaging!$B$3:$C$21,2,0) -> 400 X 240 X 130 | O122: 2 | P122: Timbang
A123: 119 | B123: ZC03810 | C123: ANGLE YT #3235 | D123: PT. YMMA | E123: 1000 | G123: =F123+91 -> 91 | H123: - | I123: 280 | J123: 10.2 | K123: =(I123+(J123*E123))/1000 -> 10.48 | L123: Cartoon Box S2DW | M123: =VLOOKUP(L123,Packaging!$B$3:$C$21,2,0) -> 290 X 200 X 140 | O123: 100 | P123: Timbang
A124: 120 | B124: ZJ93200 | C124: SUPPORT PLATE L PAIN 8N36 | D124: PT. YMMA | E124: 80 | G124: =F124+91 -> 91 | H124: - | I124: 280 | J124: 92.14 | K124: =(I124+(J124*E124))/1000 -> 7.6512 | L124: Cartoon Box S2DW | M124: =VLOOKUP(L124,Packaging!$B$3:$C$21,2,0) -> 290 X 200 X 140 | O124: 10 | P124: Timbang
A125: 121 | B125: ZJ93190 | C125: SUPPORT PLATE R PAIN 8N36 | D125: PT. YMMA | E125: 80 | G125: =F125+91 -> 91 | H125: - | I125: 280 | J125: 91.6 | K125: =(I125+(J125*E125))/1000 -> 7.608 | L125: Cartoon Box S2DW | M125: =VLOOKUP(L125,Packaging!$B$3:$C$21,2,0) -> 290 X 200 X 140 | O125: 10 | P125: Timbang
... A133: 129 | B133: WY45040 | C133: FRONT LEG ANGLE R CL #3212 B | D133: PT. YMMA | E133: 40 | G133: =F133+91 -> 91 | H133: - | I133: 378 | J133: 422.8 | K133: =(I133+(J133*E133))/1000 -> 17.29 | L133: Cartoon Box S14DW | M133: =VLOOKUP(L133,Packaging!$B$3:$C$21,2,0) -> 400 X 240 X 130 | O133: 1 | P133: Timbang
A134: 130 | B134: VHG3710 | C134: TOP STOPPER FINISHED #3522 | D134: PT. YMMA | E134: 1000 | G134: =F134+91 -> 91 | H134: - | I134: 280 | J134: 33.6 | K134: =(I134+(J134*E134))/1000 -> 33.88 | L134: Cartoon Box S2DW | M134: =VLOOKUP(L134,Packaging!$B$3:$C$21,2,0) -> 290 X 200 X 140 | N134: ZF56390 | O134: 20 | P134: Timbang
A135: 131 | B135: WH49680 | C135: TOP STOPPER FINISHED CLP-265GP | D135: PT. YMMA | E135: 1000 | G135: =F135+91 -> 91 | H135: - | I135: 280 | J135: 23.6 | K135: =(I135+(J135*E135))/1000 -> 23.88 | L135: Cartoon Box S2DW | M135: =VLOOKUP(L135,Packaging!$B$3:$C$21,2,0) -> 290 X 200 X 140 | O135: 25 | P135: Timbang
A136: 132 | B136: WH49690 | C136: TOP STOPPER WORKED | D136: PT. YMMA | E136: 1000 | G136: =F136+91 -> 91 | H136: - | I136: 280 | J136: 21.6 | K136: =(I136+(J136*E136))/1000 -> 21.88 | L136: Cartoon Box S2DW | M136: =VLOOKUP(L136,Packaging!$B$3:$C$21,2,0) -> 290 X 200 X 140 | O136: 25 | P136: Timbang
A137: 133 | B137: ZH81920 | C137: GRILLE STAY #3585 | D137: PT. YMMA | E137: 250 | G137: =F137+91 -> 91 | H137: - | I137: 280 | J137: 62.4 | K137: =(I137+(J137*E137))/1000 -> 15.88 | L137: Cartoon Box S2DW | M137: =VLOOKUP(L137,Packaging!$B$3:$C$21,2,0) -> 290 X 200 X 140 | O137: 25 | P137: Timbang
A138: 134 | B138: V913990 | C138: BACK TOP RAIL ANGLE(B) CVP-900 | D138: PT. YMMA | E138: 1000 | G138: =F138+91 -> 91 | H138: - | I138: 280 | J138: 10.8 | K138: =(I138+(J138*E138))/1000 -> 11.08 | L138: Cartoon Box S2DW | M138: =VLOOKUP(L138,Packaging!$B$3:$C$21,2,0) -> 290 X 200 X 140 | O138: 20 | P138: Timbang
A139: 135 | B139: WR45660 | C139: NST ANGLE(L) 2 Z | D139: PT. YMMA | E139: 450 | G139: =F139+91 -> 91 | H139: - | I139: 244 | J139: 40.8 | K139: =(I139+(J139*E139))/1000 -> 18.604 | L139: Cartoon Box S23DW | M139: =VLOOKUP(L139,Packaging!$B$3:$C$21,2,0) -> 290 X 200 X 100 | O139: 25 | P139: Timbang
A140: 136 | B140: WR45670 | C140: NST ANGLE(R) 2 Z | D140: PT. YMMA | E140: 450 | G140: =F140+91 -> 91 | H140: - | I140: 244 | J140: 40.8 | K140: =(I140+(J140*E140))/1000 -> 18.604 | L140: Cartoon Box S23DW | M140: =VLOOKUP(L140,Packaging!$B$3:$C$21,2,0) -> 290 X 200 X 100 | O140: 25 | P140: Timbang
A141: 137 | B141: V914000 | C141: BACK TOP RAIL ANGLE© CVP-900 | D141: PT. YMMA | E141: 1000 | G141: =F141+91 -> 91 | H141: - | I141: 280 | J141: 101.8 | K141: =(I141+(J141*E141))/1000 -> 102.08 | L141: Cartoon Box S2DW | M141: =VLOOKUP(L141,Packaging!$B$3:$C$21,2,0) -> 290 X 200 X 140 | O141: 10 | P141: Timbang
A142: 138 | B142: WQ92850 | C142: CLAMP FRAME 8J58 | D142: PT. YMMA | E142: 56 | G142: =F142+91 -> 91 | H142: - | I142: 280 | J142: 72 | K142: =(I142+(J142*E142))/1000 -> 4.312 | L142: Cartoon Box S2DW | M142: =VLOOKUP(L142,Packaging!$B$3:$C$21,2,0) -> 290 X 200 X 140 | O142: 7 | P142: Timbang
A143: 139 | B143: WJ02950 | C143: EARTH PLATE | D143: PT. YMMA | E143: 2000 | G143: =F143+91 -> 91 | H143: - | I143: 280 | J143: 0.2 | K143: =(I143+(J143*E143))/1000 -> 0.68 | L143: Cartoon Box S2DW | M143: =VLOOKUP(L143,Packaging!$B$3:$C$21,2,0) -> 290 X 200 X 140 | O143: 100 | P143: Timbang
A144: 140 | B144: ZA88850 | C144: F.P. BOARD PAINTED 8K48/8N32 | D144: PT. YMMA | E144: 60 | G144: =F144+91 -> 91 | H144: - | I144: 244 | J144: 224.8 | K144: =(I144+(J144*E144))/1000 -> 13.732 | L144: Cartoon Box S23DW | M144: =VLOOKUP(L144,Packaging!$B$3:$C$21,2,0) -> 290 X 200 X 100 | O144: 1 | P144: Timbang
...
